/*
 Navicat Premium Data Transfer

 Source Server         : mysql
 Source Server Type    : MySQL
 Source Server Version : 80030
 Source Host           : localhost:3306
 Source Schema         : archindicators

 Target Server Type    : MySQL
 Target Server Version : 80030
 File Encoding         : 65001

 Date: 09/09/2022 14:35:06
*/

SET NAMES utf8mb4;
SET FOREIGN_KEY_CHECKS = 0;

-- ----------------------------
-- Table structure for constru_enterprise
-- ----------------------------
DROP TABLE IF EXISTS `constru_enterprise`;
CREATE TABLE `constru_enterprise`  (
  `企业名称` varchar(45) CHARACTER SET utf8mb4 COLLATE utf8mb4_0900_ai_ci NOT NULL,
  `地区` varchar(20) CHARACTER SET utf8mb4 COLLATE utf8mb4_0900_ai_ci NOT NULL,
  `省份` varchar(20) CHARACTER SET utf8mb4 COLLATE utf8mb4_0900_ai_ci NOT NULL,
  `城市` varchar(20) CHARACTER SET utf8mb4 COLLATE utf8mb4_0900_ai_ci NOT NULL,
  `主营业务` varchar(255) CHARACTER SET utf8mb4 COLLATE utf8mb4_0900_ai_ci NULL DEFAULT NULL,
  PRIMARY KEY (`企业名称`) USING BTREE
) ENGINE = InnoDB CHARACTER SET = utf8mb4 COLLATE = utf8mb4_0900_ai_ci ROW_FORMAT = Dynamic;

-- ----------------------------
-- Records of constru_enterprise
-- ----------------------------
INSERT INTO `constru_enterprise` VALUES ('*ST围海', '华东', '浙江', '宁波市', '生态环保工程、河道工程、水库工程、城市防洪工程及其他水利工程。');
INSERT INTO `constru_enterprise` VALUES ('*ST美尚', '华东', '江苏', '无锡市', '生态景观建设。');
INSERT INTO `constru_enterprise` VALUES ('ST云投', '西南', '云南', '昆明市', '绿化业务、市政公用建设、环境治理、生态修复，当前积极拓展相关领域内建设项目、的政府采购服务项目和PPP项目。');
INSERT INTO `constru_enterprise` VALUES ('ST花王', '华东', '江苏', '镇江市', '“生态环境治理”和“旅游文体建设”。');
INSERT INTO `constru_enterprise` VALUES ('三维化学', '华东', '山东', '淄博市', '主要服务于石油化工、煤化工行业，从事以炼油化工项目为主的工程设计和总承包业务。');
INSERT INTO `constru_enterprise` VALUES ('三联虹普', '华北', '北京', '北京市', '为合成纤维及其原材料行业提供工程技术整体解决方案');
INSERT INTO `constru_enterprise` VALUES ('上海建工', '华东', '上海', '上海市', '以建筑施工业务为基础，房产开发业务和城市建设投资业务为两翼，设计咨询业务和建筑工业业务为支撑。');
INSERT INTO `constru_enterprise` VALUES ('上海港湾', '华东', '上海', '上海市', '地基处理、桩基工程等。');
INSERT INTO `constru_enterprise` VALUES ('东华科技', '华东', '安徽', '合肥市', '以服务化工、石化行业为主的设计咨询与工程总承包业务，主营业务服务的具体行业主要集中于化肥、无机化学品、涂料以及新领域精细化工等领域。');
INSERT INTO `constru_enterprise` VALUES ('东南网架', '华东', '浙江', '杭州市', '为钢结构建筑及围护系统的设计、制造、安装及装配式钢结构建筑总承包业务。');
INSERT INTO `constru_enterprise` VALUES ('东方园林', '华北', '北京', '北京市', '水环境综合治理、市政园林和全域旅游等，工业危废处置业务，工业废弃物循环利用。');
INSERT INTO `constru_enterprise` VALUES ('东方铁塔', '华东', '山东', '青岛市', '钢结构与钾肥业务');
INSERT INTO `constru_enterprise` VALUES ('东湖高新', '华中', '湖北', '武汉市', '工程建设施工业务和工程投资业务；燃煤火力发电机组烟气综合治理业务和污水处理业务；开发运营主题型园区。');
INSERT INTO `constru_enterprise` VALUES ('东珠生态', '华东', '江苏', '无锡市', '苗木种植、生态景观设计、生态修复与景观工程建设、景观养护等生态景观全产业链业务。');
INSERT INTO `constru_enterprise` VALUES ('中化岩土', '华北', '北京', '北京市', '工程服务业务、通用航空业务、文化旅游业务、投资业务');
INSERT INTO `constru_enterprise` VALUES ('中国中冶', '华北', '北京', '北京市', '工程承包、资源开发、装备制造及房地产开发。');
INSERT INTO `constru_enterprise` VALUES ('中国中铁', '华北', '北京', '北京市', '基建建设、勘察设计与咨询服务、工程设备和零部件制造及房地产开发等');
INSERT INTO `constru_enterprise` VALUES ('中国交建', '华北', '北京', '北京市', '基建设计、基建建设、疏浚及装备制造。');
INSERT INTO `constru_enterprise` VALUES ('中国化学', '华北', '北京', '北京市', '工程承包，勘察、设计及服务');
INSERT INTO `constru_enterprise` VALUES ('中国建筑', '华北', '北京', '北京市', '房屋建筑工程、房地产开发与投资、国际工程承包、基础设施建设与投资及设计勘察业务。');
INSERT INTO `constru_enterprise` VALUES ('中国核建', '华东', '上海', '上海市', '军工工程、核电工程及工业与民用工程建设。');
INSERT INTO `constru_enterprise` VALUES ('中国海诚', '华东', '上海', '上海市', '工程设计、工程咨询、工程监理和工程总承包');
INSERT INTO `constru_enterprise` VALUES ('中国电建', '华北', '北京', '北京市', '工程承包、电力投资与运营、设备制造与租赁、房地产开发');
INSERT INTO `constru_enterprise` VALUES ('中国能建', '华北', '北京', '北京市', '勘测设计及咨询、工程建设、工业制造、清洁能源及环保水务、投资及其他业务等。');
INSERT INTO `constru_enterprise` VALUES ('中国铁建', '华北', '北京', '北京市', '工程承包、勘察设计咨询、工业制造、房地产开发、资本运营及物流等');
INSERT INTO `constru_enterprise` VALUES ('中岩大地', '华北', '北京', '北京市', '提供岩土工程、环境修复等领域的包括设计、咨询、施工在内的一揽子解决方案服务。');
INSERT INTO `constru_enterprise` VALUES ('中工国际', '华北', '北京', '北京市', '主营业务为国际工程承包，承包项目所需的设计、设备、材料与技术出口，核心业务为成套设备与技术的出口。');
INSERT INTO `constru_enterprise` VALUES ('中材国际', '华东', '江苏', '南京市', '工程业务、装备制造业务、环保业务、生产运营管理业务、其他业务');
INSERT INTO `constru_enterprise` VALUES ('中钢国际', '东北', '吉林', '吉林市', '以工程总承包为主的工程技术服务业务和以机电设备及备品备件贸易为主的设备集成及备品备件供应服务业务。');
INSERT INTO `constru_enterprise` VALUES ('中铝国际', '华北', '北京', '北京市', '工程设计及咨询、工程及施工承包、及装备制造及贸易。');
INSERT INTO `constru_enterprise` VALUES ('乾景园林', '华北', '北京', '北京市', '园林工程施工、园林景观设计、苗木种植和园林绿化养护。');
INSERT INTO `constru_enterprise` VALUES ('亚翔集成', '华东', '江苏', '苏州市', '为IC半导体、光电等高科技电子产业及生物医药、精细化工、航空航天、食品制造等相关领域的建厂工程提供洁净室工程服务。');
INSERT INTO `constru_enterprise` VALUES ('交建股份', '华东', '安徽', '合肥市', '从事公路、市政基础设施建设相关的工程施工、勘察设计、试验检测等业务。');
INSERT INTO `constru_enterprise` VALUES ('元成股份', '华东', '浙江', '杭州市', '生态景观、绿色环保、休闲旅游');
INSERT INTO `constru_enterprise` VALUES ('农尚环境', '华中', '湖北', '武汉市', '园林绿化工程设计、施工、养护及苗木培育业务。');
INSERT INTO `constru_enterprise` VALUES ('冠中生态', '华东', '山东', '青岛市', '生态环境建设业务。');
INSERT INTO `constru_enterprise` VALUES ('利柏特', '华东', '江苏', '苏州市', '工业模块的设计和制造。');
INSERT INTO `constru_enterprise` VALUES ('北新路桥', '西北', '新疆', '乌鲁木齐市', '公路工程、桥梁工程、隧道工程和市政交通工程等公共交通基础设施的施工业务；房地产开发与经营业务');
INSERT INTO `constru_enterprise` VALUES ('北方国际', '华北', '北京', '北京市', '国际工程承包、国内建筑工程、重型装备出口贸易、物流服务、物流自动化设备系统集成服务、太阳能产品贸易及新能源项目开发、大宗商品贸易和金属包装容器的生产和销售。');
INSERT INTO `constru_enterprise` VALUES ('华电重工', '华北', '北京', '北京市', '物料输送系统工程、热能工程和高端钢结构工程。');
INSERT INTO `constru_enterprise` VALUES ('嘉寓股份', '华北', '北京', '北京市', '节能门窗幕墙、太阳能光伏和高端智能装备。');
INSERT INTO `constru_enterprise` VALUES ('四川路桥', '西南', '四川', '成都市', '各级公路工程和桥梁、隧道工程的施工。');
INSERT INTO `constru_enterprise` VALUES ('园林股份', '华东', '浙江', '杭州市', '园林工程施工、园林景观设计、花卉种苗研发生产、园林养护等。');
INSERT INTO `constru_enterprise` VALUES ('大千生态', '华东', '江苏', '南京市', '生态园林景观规划、设计、建设、运营，苗木培育、种植、销售等，并涉及文化旅游、生态环境修复与治理等业务。');
INSERT INTO `constru_enterprise` VALUES ('天域生态', '西南', '重庆', '重庆市', '生态环境修复、景观规划、农林开发、文化旅游');
INSERT INTO `constru_enterprise` VALUES ('奥雅设计', '华南', '广东', '深圳市', '景观设计及以创意设计为主导的EPC总承包业务。');
INSERT INTO `constru_enterprise` VALUES ('宁波建工', '华东', '浙江', '宁波市', '房屋建筑工程勘察、设计、施工、安装，市政道路桥梁、园林绿化，建筑装修装饰、建筑幕墙的设计、施工及预拌商品混凝土、水泥预制构件、装配式建筑等的生产、销售。');
INSERT INTO `constru_enterprise` VALUES ('安徽建工', '华东', '安徽', '蚌埠市', '房屋建筑工程、基础设施建设与投资和房地产开发经营');
INSERT INTO `constru_enterprise` VALUES ('宏润建设', '华东', '浙江', '宁波市', '建筑施工、房地产开发、基础设施投资及新能源开发。');
INSERT INTO `constru_enterprise` VALUES ('富煌钢构', '华东', '安徽', '合肥市', '专业从事钢结构产品的设计、制造与安装。');
INSERT INTO `constru_enterprise` VALUES ('山东路桥', '华东', '山东', '济南市', '路桥工程施工和养护施工。');
INSERT INTO `constru_enterprise` VALUES ('岭南股份', '华南', '广东', '东莞市', '生态环境建设与修复业务、水务水环境治理业务、文化旅游业务');
INSERT INTO `constru_enterprise` VALUES ('成都路桥', '西南', '四川', '成都市', '公路工程、桥梁工程和隧道工程的施工');
INSERT INTO `constru_enterprise` VALUES ('文科园林', '华南', '广东', '深圳市', '为景观、环境治理及市政工程施工、景观设计、园林养护、绿化苗木种植');
INSERT INTO `constru_enterprise` VALUES ('新疆交建', '西北', '新疆', '乌鲁木齐市', '公路、桥梁、隧道、市政工程等基础设施的施工、勘察设计与试验检测，以及路桥工程施工主材料的贸易业务。');
INSERT INTO `constru_enterprise` VALUES ('日上集团', '华东', '福建', '厦门市', '钢制品的设计、研发、生产与销售。');
INSERT INTO `constru_enterprise` VALUES ('普邦股份', '华南', '广东', '广州市', '公司主要从事园林工程施工、园林景观设计、苗木种植以及园林养护业务，主要为住宅景观工程、旅游度假区园林工程、商业地产园林工程和公共园林工程等项目提供园林综合服务。');
INSERT INTO `constru_enterprise` VALUES ('杭州园林', '华东', '浙江', '杭州市', '提供以整体性解决方案为核心的风景园林设计服务。');
INSERT INTO `constru_enterprise` VALUES ('杭萧钢构', '华东', '浙江', '杭州市', '多高层钢结构、轻钢结构、空间钢结构、建材产品。');
INSERT INTO `constru_enterprise` VALUES ('棕榈股份', '华中', '河南', '郑州市', '生态城镇业务、生态环境业务');
INSERT INTO `constru_enterprise` VALUES ('森特股份', '华北', '北京', '北京市', '研发、生产、销售绿色、环保、节能新型建材并提供相关工程设计、生产、安装和售后等一体化服务。');
INSERT INTO `constru_enterprise` VALUES ('正平股份', '西北', '青海', '西宁市', '主要从事交通、城镇、水利、电力等基础设施的投资、建设、运营、设施制造、综合开发等业务，可为客户提供投资融资、咨询规划、设计建造、运营管理等一站式综合服务。');
INSERT INTO `constru_enterprise` VALUES ('永福股份', '华东', '福建', '福州市', '电力工程勘察设计（含规划咨询）、EPC工程总承包等电力工程技术服务。');
INSERT INTO `constru_enterprise` VALUES ('汇绿生态', '华中', '湖北', '武汉市', '园林工程施工、园林景观设计及苗木种植等。');
INSERT INTO `constru_enterprise` VALUES ('汇通集团', '华北', '河北', '保定市', '公路、市政、房屋建筑工程施工及相关建筑材料销售、勘察设计、试验检测等。');
INSERT INTO `constru_enterprise` VALUES ('浙江交科', '华东', '浙江', '衢州市', '基建工程业务及化工业务。');
INSERT INTO `constru_enterprise` VALUES ('浙江建投', '华东', '浙江', '杭州市', '建筑施工业务以及与建筑主业产业链相配套的工业制造、工程服务、基础设施投资运营等业务。');
INSERT INTO `constru_enterprise` VALUES ('浦东建设', '华东', '上海', '上海市', '从事道路、桥梁、各类基础设施施工以及建材的研制开发和生产。');
INSERT INTO `constru_enterprise` VALUES ('海波重科', '华中', '湖北', '武汉市', '桥梁钢结构工程业务');
INSERT INTO `constru_enterprise` VALUES ('百利科技', '华中', '湖南', '岳阳市', '专业从事工程咨询、设计和工程总承包业务。');
INSERT INTO `constru_enterprise` VALUES ('粤 水 电', '华南', '广东', '广州市', '水利水电及轨道交通等工程建设，水力、风力、太阳能光伏清洁能源发电。');
INSERT INTO `constru_enterprise` VALUES ('精工钢构', '华东', '安徽', '六安市', '钢结构建筑、钢结构件的设计、生产制作、施工安装（凭资质经营）；经销：建筑材料、金属材料（贵稀金属除外）及相关零配件，经营本企业自产产品的出口业务和本企业所需的机械设备、零配件、原辅材料的进出口业务。');
INSERT INTO `constru_enterprise` VALUES ('罗曼股份', '华东', '上海', '上海市', '景观照明整体规划和深化设计、景观照明工程的施工以及远程集控管理等景观照明其他服务。');
INSERT INTO `constru_enterprise` VALUES ('美丽生态', '华南', '广东', '深圳市', '园林绿化。');
INSERT INTO `constru_enterprise` VALUES ('美晨生态', '华东', '山东', '潍坊市', '车用非轮胎橡胶配件及园林工程施工');
INSERT INTO `constru_enterprise` VALUES ('能辉科技', '华东', '上海', '上海市', '以光伏电站设计、系统集成及投资运营一站式服务为主体，并开展垃圾热解气化、储能等新兴技术研发和应用业务。');
INSERT INTO `constru_enterprise` VALUES ('腾达建设', '华东', '浙江', '台州市', '各类建筑工程的施工总承包和专业承包');
INSERT INTO `constru_enterprise` VALUES ('节能铁汉', '华南', '广东', '深圳市', '生态环保、生态景观、生态旅游、生态农业');
INSERT INTO `constru_enterprise` VALUES ('苏文电能', '华东', '江苏', '常州市', '集电力咨询设计、电力工程建设、电力设备供应以及智能用电服务为一体的供用电品牌服务商。');
INSERT INTO `constru_enterprise` VALUES ('蒙草生态', '华北', '内蒙古', '呼和浩特市', '在我国干旱半干旱地区运用蒙草进行节约型生态环境建设，主要包括工程设计施工与苗木培育。');
INSERT INTO `constru_enterprise` VALUES ('诚邦股份', '华东', '浙江', '杭州市', '设计、环境建设、生态治理、文化旅游及投资');
INSERT INTO `constru_enterprise` VALUES ('重庆建工', '西南', '重庆', '重庆市', '房屋建筑工程、基础设施建设与投资及其他相关业务。');
INSERT INTO `constru_enterprise` VALUES ('金埔园林', '华东', '江苏', '南京市', '园林绿化建设项目的设计、施工以及苗木花卉种植与销售。');
INSERT INTO `constru_enterprise` VALUES ('金诚信', '华北', '北京', '北京市', '集有色金属矿山、黑色金属矿山及化工矿山工程建设与采矿运营管理、矿山设计与技术研发等业务为一体的专业性管理服务企业。');
INSERT INTO `constru_enterprise` VALUES ('镇海股份', '华东', '浙江', '宁波市', '向客户提供从工程前期的规划咨询到设计、采购、施工管理、开车、结算审核直到运营服务的一站式解决方案。');
INSERT INTO `constru_enterprise` VALUES ('陕西建工', '西北', '陕西', '西安市', '工程承包业务。');
INSERT INTO `constru_enterprise` VALUES ('隧道股份', '华东', '上海', '上海市', '隧道、路桥、轨道交通、水务、能源和地下空间等城市基础设施的设计、施工、投资和运营业务，以及部分盾构设备的制造业务');
INSERT INTO `constru_enterprise` VALUES ('高新发展', '西南', '四川', '成都市', '建筑业，并兼营期货业务、厨柜制造及旅游酒店业务。');
INSERT INTO `constru_enterprise` VALUES ('鸿路钢构', '华东', '安徽', '合肥市', '钢结构及相关围护产品的制造和销售，以钢结构生产制造为主、工程承包业务为辅。');
INSERT INTO `constru_enterprise` VALUES ('龙元建设', '华东', '浙江', '宁波市', '工业与民用建筑及公共设施的施工。');
INSERT INTO `constru_enterprise` VALUES ('龙建股份', '东北', '黑龙江', '哈尔滨市', '公路与桥梁工程施工。');

-- ----------------------------
-- Table structure for constru_property
-- ----------------------------
DROP TABLE IF EXISTS `constru_property`;
CREATE TABLE `constru_property`  (
  `股票代码` varchar(20) CHARACTER SET utf8mb4 COLLATE utf8mb4_0900_ai_ci NOT NULL,
  `企业名称` varchar(45) CHARACTER SET utf8mb4 COLLATE utf8mb4_0900_ai_ci NOT NULL,
  `总资产` double NOT NULL,
  `企业成立年限` int(0) NOT NULL,
  `成立年份` int(0) NOT NULL,
  `员工总数` int(0) NOT NULL,
  `资产负债率` double NOT NULL,
  `总资产周转率` double NOT NULL,
  `净利润增长率` double NOT NULL,
  `营业净利润率` double NOT NULL,
  `研发投入费用` double NOT NULL,
  `研发投入占营业收入比例` double NOT NULL,
  `研发人员` int(0) NOT NULL,
  `研发项目个数` int(0) NOT NULL,
  `专利数` int(0) NOT NULL,
  `硕士及以上人员数量` int(0) NOT NULL,
  `国家级获奖` int(0) NOT NULL,
  `研发中心数量` int(0) NOT NULL,
  `数字化创新平台数` int(0) NOT NULL,
  `数字化业务板块数` int(0) NOT NULL,
  `联合高等院校课题研发数` int(0) NOT NULL,
  `互联网云平台运用数量` int(0) NOT NULL,
  `成果转化数` int(0) NOT NULL,
  `一级技术词频数` int(0) NOT NULL,
  `二级技术词频数` int(0) NOT NULL,
  `三级技术词频数` int(0) NOT NULL,
  `业务板块数量（多元化情况）` int(0) NOT NULL,
  `组织结构中是否有专门的数字化部门` tinyint(0) NULL DEFAULT NULL,
  `组织内部是否具有专门的项目管理系统` tinyint(0) NOT NULL,
  `是否与数字化类型的企业有合作、收购、投资关系（从年报中获取）` tinyint(0) NOT NULL,
  `是否为国家认定高新技术企业` tinyint(0) NOT NULL,
  `企业年报中是否有提及数字化战略的相关内容？` tinyint(0) NOT NULL,
  `企业年报中是否有专项数字化转型报告` tinyint(0) NOT NULL,
  `企业远景、目标、定位中是否具有数字化、大数据、智能化、信息化等词语` tinyint(0) NOT NULL,
  `企业战略职能中是否具有专门数字化业务部门` tinyint(0) NOT NULL,
  `企业业务中是否运用信息化技术系统` varchar(20) CHARACTER SET utf8mb4 COLLATE utf8mb4_0900_ai_ci NOT NULL,
  `企业年报中是否有提及“政策”或相关对于数字化转型政策支持的词语` int(0) NOT NULL,
  `企业年报中是否有提及“行业”、“市场”、“需求”或相关对于数字化转型外部驱动的词语` int(0) NOT NULL,
  `装配式建筑项目数` int(0) NOT NULL,
  `完成装配式建筑面积` int(0) NOT NULL,
  `装配式建筑产业基地数量` int(0) NOT NULL,
  `拥有建筑机器人数量` int(0) NOT NULL,
  `智慧工地数量占比` int(0) NOT NULL,
  `5G技术应用工地数量` int(0) NOT NULL,
  `运用BIM技术合同额` int(0) NOT NULL,
  `采用BIM技术项目个数` int(0) NOT NULL,
  `智能建造平台数量` int(0) NOT NULL,
  `采用电子签名/签章项目占比` int(0) NOT NULL,
  `拥有电子化工程档案项目占比` int(0) NOT NULL,
  `A、智能塔吊` varchar(20) CHARACTER SET utf8mb4 COLLATE utf8mb4_0900_ai_ci NOT NULL,
  `施工设施应用个数` int(0) NOT NULL,
  `企业业务中是否运用信息化技术系统个数` int(0) NOT NULL,
  `年份` int(0) NOT NULL,
  PRIMARY KEY (`股票代码`, `年份`) USING BTREE,
  UNIQUE INDEX `property_UNIQUE`(`股票代码`, `年份`) USING BTREE
) ENGINE = InnoDB CHARACTER SET = utf8mb4 COLLATE = utf8mb4_0900_ai_ci ROW_FORMAT = Dynamic;

-- ----------------------------
-- Records of constru_property
-- ----------------------------
INSERT INTO `constru_property` VALUES ('000010', '美丽生态', 4291660034.27, 30, 1989, 339, 0.824373, 0.441105, -0.780202, 0.066626, 1690182.58, 0.09, 18, 0, 0, 13, 0, 0, 0, 0, 0, 0, 0, 29, 4, 2, 6, 0, 0, 0, 1, 1, 0, 0, 0, 'A', 25, 58, 0, 0, 0, 0, 0, 0, 0, 0, 0, 0, 0, 'ACEFG', 5, 1, 2019);
INSERT INTO `constru_property` VALUES ('000010', '美丽生态', 3541730495.91, 30, 1989, 278, 0.7695, 0.397699, -0.425831, 0.054208, 0, 0, 0, 0, 0, 6, 0, 0, 0, 0, 0, 0, 0, 26, 1, 3, 6, NULL, 0, 0, 1, 0, 0, 0, 0, 'A', 0, 250, 0, 0, 0, 0, 0, 0, 0, 0, 0, 0, 0, 'ACEFG', 5, 1, 2020);
INSERT INTO `constru_property` VALUES ('000010', '美丽生态', 4587490643.01, 34, 1988, 290, 0.812883, 0.382978, -1.033176, 0.022339, 0, 0, 0, 0, 0, 7, 4, 0, 0, 0, 0, 0, 0, 29, 0, 2, 8, NULL, 0, 0, 0, 1, 0, 0, 0, 'A', 10, 40, 0, 0, 0, 0, 0, 0, 0, 0, 0, 0, 0, 'ACEFG', 5, 1, 2021);
INSERT INTO `constru_property` VALUES ('000065', '北方国际', 14746104215.47, 25, 1994, 1710, 0.630137, 0.75004, 0.690471, 0.066868, 133263745.6, 1.2, 103, 7, 0, 240, 0, 0, 1, 0, 4, 0, 0, 34, 16, 3, 19, 0, 0, 0, 1, 1, 0, 1, 0, 'A', 2, 164, 0, 0, 0, 0, 0, 0, 0, 0, 0, 0, 0, 'C', 1, 1, 2019);
INSERT INTO `constru_property` VALUES ('000065', '北方国际', 18081386015.9, 25, 1994, 1917, 0.6556, 0.710712, 0.088641, 0.06102, 117869597.54, 0.0092, 93, 8, 10, 258, 0, 0, 1, 0, 0, 0, 0, 32, 12, 6, 19, NULL, 0, 0, 1, 1, 0, 1, 0, 'A', 0, 184, 0, 0, 0, 0, 0, 0, 0, 0, 0, 0, 0, 'C', 1, 1, 2020);
INSERT INTO `constru_property` VALUES ('000065', '北方国际', 19343811173.9, 38, 1984, 1911, 0.6463, 0.674635, -0.336529, 0.051881, 157998875.57, 0.0121, 213, 8, 23, 55, 0, 0, 1, 0, 0, 0, 3, 40, 17, 8, 8, NULL, 0, 1, 1, 1, 0, 1, 0, 'A', 3, 73, 0, 0, 0, 0, 0, 0, 0, 0, 0, 0, 0, 'C', 1, 1, 2021);
INSERT INTO `constru_property` VALUES ('000498', '山东路桥', 32061226492.73, 27, 1992, 10394, 0.742626, 0.725502, 0.170012, 0.035223, 335411501.46, 1.44, 920, 0, 147, 192, 8, 5, 8, 3, 15, 3, 0, 29, 3, 1, 18, 1, 0, 1, 1, 0, 0, 1, 1, 'A', 10, 352, 0, 0, 0, 0, 0, 0, 0, 0, 0, 0, 0, 'ACEFG', 5, 1, 2019);
INSERT INTO `constru_property` VALUES ('000498', '山东路桥', 55080915338.19, 27, 1992, 14020, 0.7659, 0.625213, 0.930651, 0.042846, 749947673.74, 0.0218, 1184, 0, 299, 353, 86, 0, 8, 3, 0, 3, 16, 52, 7, 21, 18, NULL, 0, 1, 1, 0, 0, 1, 1, 'A', 0, 578, 0, 0, 0, 0, 0, 0, 0, 0, 0, 0, 0, 'ACEFG', 5, 1, 2020);
INSERT INTO `constru_property` VALUES ('000498', '山东路桥', 83386867270.97, 29, 1993, 24686, 0.759996, 0.689824, 0.687697, 0.047826, 1263381552.32, 0.022, 1947, 10, 754, 299, 37, 1, 8, 0, 0, 3, 1, 53, 15, 34, 13, NULL, 1, 1, 1, 1, 0, 1, 1, 'A', 8, 95, 4, 0, 1, 0, 0, 0, 16560038, 1, 0, 0, 0, 'ACEFG', 5, 1, 2021);
INSERT INTO `constru_property` VALUES ('000628', '高新发展', 5881496980.76, 29, 1990, 1137, 0.812086, 0.56293, 3.301389, 0.032158, 0, 0, 0, 0, 0, 50, 0, 0, 0, 0, 0, 0, 0, 54, 0, 18, 3, 0, 1, 1, 1, 1, 0, 1, 0, 'A、D', 5, 90, 0, 0, 0, 0, 0, 0, 0, 0, 0, 0, 0, 'C', 1, 3, 2019);
INSERT INTO `constru_property` VALUES ('000628', '高新发展', 8338949498, 29, 1990, 1097, 0.7973, 0.663522, 4.574295, 0.04833, 6939483.38, 0.0013, 45, 0, 0, 60, 0, 1, 0, 0, 0, 0, 0, 97, 1, 194, 3, NULL, 1, 1, 1, 1, 0, 1, 0, 'AD', 0, 71, 0, 0, 0, 0, 0, 30, 0, 0, 3, 0, 0, 'A', 1, 2, 2020);
INSERT INTO `constru_property` VALUES ('000628', '高新发展', 10828274340.73, 30, 1992, 1200, 0.846278, 0.610605, 0.987073, 0.026185, 12303380.29, 0.0019, 63, 4, 32, 4, 1, 0, 0, 1, 0, 3, 4, 157, 17, 324, 3, NULL, 1, 1, 1, 1, 0, 1, 0, 'AD', 4, 45, 0, 0, 0, 0, 14, 2, 0, 0, 0, 0, 0, 'AEFG', 4, 2, 2021);
INSERT INTO `constru_property` VALUES ('000928', '中钢国际', 18326440169.53, 18, 2001, 1884, 0.715311, 0.731952, 4.621479, 0.04009, 55168708.19, 0.41, 366, 10, 188, 494, 2, 2, 29, 4, 24, 2, 32, 25, 6, 4, 7, 1, 1, 1, 1, 1, 0, 1, 1, 'A', 12, 114, 0, 0, 0, 0, 0, 0, 0, 0, 0, 0, 0, 'ABCEFG', 6, 1, 2019);
INSERT INTO `constru_property` VALUES ('000928', '中钢国际', 19708894841.57, 18, 2001, 1944, 0.7079, 0.752325, 2.779261, 0.04138, 225596596.1, 0.0152, 615, 4, 215, 564, 4, 1, 29, 4, 0, 2, 0, 21, 8, 21, 7, NULL, 1, 1, 1, 1, 0, 1, 1, 'A', 14, 150, 0, 0, 0, 0, 0, 0, 0, 0, 0, 0, 0, 'ABCEFG', 6, 1, 2020);
INSERT INTO `constru_property` VALUES ('000928', '中钢国际', 24287758259.15, 29, 1993, 1881, 0.74151, 0.6531, -0.135679, 0.041759, 273945410.65, 0.0173, 639, 7, 286, 258, 4, 1, 3, 1, 1, 4, 2, 33, 7, 21, 4, NULL, 1, 1, 1, 1, 1, 1, 1, 'A', 3, 66, 0, 0, 0, 0, 0, 0, 0, 0, 0, 0, 0, 'ABCEFG', 6, 1, 2021);
INSERT INTO `constru_property` VALUES ('001267', '汇绿生态', 2418309898.45, 32, 1990, 394, 0.52116, 0.320398, 0, 0.103311, 2483014.47, 0.0032, 8, 5, 0, 1, 2, 0, 1, 0, 9, 0, 3, 18, 0, 3, 3, NULL, 1, 1, 1, 0, 0, 0, 1, 'A', 6, 49, 0, 0, 0, 0, 0, 0, 0, 0, 0, 0, 0, 'AEFG', 4, 1, 2021);
INSERT INTO `constru_property` VALUES ('002051', '中工国际', 21999483304.15, 25, 1994, 5761, 0.49928, 0.484411, 0.176836, 0.098245, 606462866.88, 5.69, 2505, 0, 88, 1510, 0, 0, 4, 0, 0, 6, 2, 32, 9, 10, 3, 0, 1, 1, 1, 0, 0, 0, 1, 'A、B、D', 22, 131, 0, 0, 0, 0, 0, 0, 0, 0, 0, 0, 0, 'ABCEFG', 6, 5, 2019);
INSERT INTO `constru_property` VALUES ('002051', '中工国际', 21682851389.56, 25, 1994, 5775, 0.50677, 0.367387, -6.490092, -0.012812, 530423954.86, 0.0666, 2500, 2, 105, 1364, 0, 0, 4, 0, 0, 6, 0, 27, 17, 16, 3, NULL, 1, 1, 1, 0, 0, 0, 1, 'ABD', 24, 202, 0, 0, 0, 0, 0, 0, 0, 0, 5, 0, 0, 'ABCEFG', 6, 3, 2020);
INSERT INTO `constru_property` VALUES ('002051', '中工国际', 22046369269.04, 21, 2001, 4456, 0.508891, 0.391891, -0.311094, 0.03018, 499051400, 0.0578, 2328, 6, 92, 978, 14, 0, 4, 0, 0, 12, 4, 32, 21, 36, 3, NULL, 1, 1, 1, 1, 0, 1, 1, 'ABD', 3, 132, 1, 0, 0, 1, 0, 0, 4258186, 1, 0, 0, 0, 'ABCEFG', 6, 3, 2021);
INSERT INTO `constru_property` VALUES ('002060', '粤 水 电', 26047764064.96, 18, 2001, 4220, 0.869274, 0.42781, 2.047105, 0.022039, 351823966.5, 3.16, 576, 27, 43, 0, 4, 0, 0, 0, 0, 4, 0, 25, 2, 10, 0, 0, 1, 1, 1, 0, 0, 1, 0, 'A、B、C', 6, 161, 0, 0, 0, 0, 0, 0, 0, 0, 0, 0, 0, 'AEFG', 4, 5, 2019);
INSERT INTO `constru_property` VALUES ('002060', '粤 水 电', 29491657758.56, 18, 2001, 4137, 0.869681, 0.426664, 0.258882, 0.021945, 380601371.93, 0.0302, 581, 44, 225, 0, 0, 0, 0, 0, 0, 4, 150, 21, 5, 10, 3, NULL, 1, 1, 1, 0, 0, 1, 0, 'ABC', 11, 169, 0, 0, 0, 0, 0, 0, 0, 0, 0, 0, 0, 'AEFG', 4, 3, 2020);
INSERT INTO `constru_property` VALUES ('002060', '粤 水 电', 31732321919.56, 21, 2001, 4181, 0.870155, 0.452577, 0.065933, 0.025499, 496188779.89, 0.0346, 664, 10, 280, 49, 6, 0, 13, 0, 0, 4, 5, 24, 7, 14, 4, NULL, 1, 1, 1, 0, 0, 1, 0, 'ABC', 15, 72, 0, 0, 0, 0, 0, 0, 0, 0, 0, 0, 0, 'AEFG', 4, 3, 2021);
INSERT INTO `constru_property` VALUES ('002061', '浙江交科', 33798055234.94, 18, 2001, 6968, 0.748079, 0.855002, 0.12358, 0.026636, 381976720.08, 1.32, 979, 0, 26, 251, 0, 0, 9, 2, 0, 4, 65, 34, 4, 2, 5, 1, 1, 1, 1, 0, 0, 1, 1, 'A、B、D', 11, 149, 0, 0, 0, 0, 0, 0, 0, 0, 0, 0, 0, 'AEFG', 4, 5, 2019);
INSERT INTO `constru_property` VALUES ('002061', '浙江交科', 41408756689.62, 18, 2001, 7034, 0.768894, 0.887197, 2.078288, 0.028551, 807873336.58, 0.022, 1086, 38, 153, 295, 12, 0, 9, 2, 0, 4, 155, 34, 7, 3, 5, NULL, 1, 1, 1, 0, 0, 1, 1, 'ABD', 1, 149, 0, 0, 0, 0, 0, 0, 0, 0, 0, 0, 0, 'AEFG', 4, 3, 2020);
INSERT INTO `constru_property` VALUES ('002061', '浙江交科', 52745163478.06, 24, 1998, 7815, 0.80291, 0.873217, 0.05148, 0.022387, 1159099154.58, 0.0252, 2081, 10, 209, 371, 15, 0, 1, 1, 0, 4, 4, 36, 13, 18, 5, NULL, 1, 1, 1, 1, 0, 1, 1, 'ABD', 14, 78, 3, 0, 0, 0, 1, 0, 0, 1, 0, 0, 0, 'AEFG', 4, 3, 2021);
INSERT INTO `constru_property` VALUES ('002062', '宏润建设', 15731608288.1, 27, 1992, 2163, 0.788431, 0.759195, -0.015817, 0.032464, 331896963.8, 2.78, 461, 40, 15, 0, 1, 1, 1, 2, 0, 0, 0, 20, 1, 2, 7, 1, 1, 1, 1, 1, 0, 1, 1, 'A、B、C、D', 7, 77, 0, 0, 0, 0, 0, 0, 0, 0, 0, 0, 0, 'ACEFG', 5, 7, 2019);
INSERT INTO `constru_property` VALUES ('002062', '宏润建设', 17000223896.01, 27, 1992, 2049, 0.77628, 0.665672, 2.172758, 0.04712, 179485402.31, 0.0352, 867, 0, 26, 0, 1, 0, 1, 2, 0, 0, 124, 21, 1, 1, 7, NULL, 1, 1, 1, 1, 0, 1, 1, 'ABCD', 0, 0, 0, 0, 0, 0, 0, 0, 0, 0, 0, 0, 0, 'ACEFG', 5, 4, 2020);
INSERT INTO `constru_property` VALUES ('002062', '宏润建设', 18314804880.38, 28, 1994, 1955, 0.782422, 0.563561, 0.211891, 0.039582, 339269363.51, 0.0329, 513, 3, 0, 25, 6, 0, 1, 0, 0, 3, 0, 25, 2, 2, 3, NULL, 1, 1, 1, 1, 0, 1, 1, 'ABCD', 8, 31, 0, 0, 0, 0, 0, 0, 0, 0, 0, 0, 0, 'ACEFG', 5, 4, 2021);
INSERT INTO `constru_property` VALUES ('002116', '中国海诚', 4303104980.31, 28, 1991, 4866, 0.676747, 1.297047, -2.6278, 0.010501, 194777681.5, 3.49, 885, 8, 0, 815, 0, 0, 0, 0, 0, 4, 0, 34, 5, 9, 4, 0, 1, 1, 1, 1, 0, 1, 0, 'A、B、D', 13, 223, 0, 0, 0, 0, 0, 0, 0, 0, 0, 0, 0, 'ABCEFG', 6, 5, 2019);
INSERT INTO `constru_property` VALUES ('002116', '中国海诚', 4520651493.12, 28, 1991, 4803, 0.689917, 1.12741, -0.449975, 0.012528, 339340978.55, 0.03, 523, 40, 0, 827, 0, 0, 0, 0, 0, 4, 0, 17, 4, 17, 4, NULL, 1, 1, 1, 1, 0, 1, 0, 'ABD', 10, 179, 0, 0, 0, 0, 0, 0, 0, 0, 0, 0, 0, 'ABCEFG', 6, 3, 2020);
INSERT INTO `constru_property` VALUES ('002116', '中国海诚', 4872641221.67, 20, 2002, 4825, 0.691784, 1.080533, 0.495268, 0.030539, 177438240.77, 0.0337, 1028, 7, 0, 411, 0, 0, 2, 0, 0, 3, 7, 19, 10, 40, 4, NULL, 1, 1, 1, 1, 0, 1, 1, 'ABD', 6, 94, 0, 0, 0, 0, 0, 0, 0, 0, 0, 0, 0, 'ABCEFG', 6, 3, 2021);
INSERT INTO `constru_property` VALUES ('002135', '东南网架', 11443472566.34, 31, 1988, 5338, 0.614909, 0.78441, -0.286258, 0.02953, 400999832.89, 4.47, 897, 33, 29, 0, 1, 2, 15, 0, 12, 8, 0, 31, 8, 36, 5, 1, 1, 1, 1, 1, 1, 1, 1, 'A、B、C、D', 21, 176, 0, 0, 0, 0, 0, 0, 0, 0, 0, 0, 0, 'ABCEFG', 6, 7, 2019);
INSERT INTO `constru_property` VALUES ('002135', '东南网架', 13650090612.56, 31, 1988, 5702, 0.644372, 0.678112, -1.532975, 0.028467, 329806565.92, 0.0356, 927, 4, 14, 0, 0, 0, 15, 0, 6, 8, 279, 43, 13, 39, 5, NULL, 1, 1, 1, 1, 1, 1, 1, 'ABCD', 24, 196, 7, 0, 9, 0, 0, 0, 0, 0, 0, 0, 0, 'ABCEFG', 6, 4, 2020);
INSERT INTO `constru_property` VALUES ('002135', '东南网架', 17150651413.27, 21, 2001, 6287, 0.621221, 0.658115, -1.174148, 0.0439, 402578878.21, 0.0357, 1160, 15, 399, 28, 240, 3, 12, 0, 0, 5, 2, 43, 12, 58, 7, NULL, 1, 1, 1, 1, 1, 1, 1, 'ABCD', 22, 111, 1, 0, 2, 0, 0, 0, 0, 4, 0, 0, 0, 'ABCEFG', 6, 4, 2021);
INSERT INTO `constru_property` VALUES ('002140', '东华科技', 6673569147.39, 13, 2006, 1228, 0.662781, 0.676998, 0.271824, 0.039765, 162400922.8, 3.59, 215, 4, 14, 449, 3, 2, 3, 0, 0, 23, 0, 50, 21, 17, 6, 1, 1, 1, 1, 1, 1, 1, 1, 'A、B、C、D', 46, 370, 0, 0, 0, 0, 0, 0, 0, 0, 0, 0, 0, 'ABCEFG', 6, 7, 2019);
INSERT INTO `constru_property` VALUES ('002140', '东华科技', 8134712984.23, 13, 2006, 1287, 0.704473, 0.640503, -0.239096, 0.038842, 186760480.73, 0.0358, 218, 41, 14, 438, 0, 0, 3, 0, 300, 23, 109, 48, 27, 33, 6, NULL, 1, 1, 1, 1, 1, 1, 1, 'ABCD', 12, 302, 0, 0, 0, 0, 0, 0, 0, 0, 0, 0, 0, 'ABCEFG', 6, 4, 2020);
INSERT INTO `constru_property` VALUES ('002140', '东华科技', 9921588596.43, 21, 2001, 1353, 0.717779, 0.605057, 0.034803, 0.044279, 198151924.59, 0.033, 235, 5, 138, 110, 312, 0, 2, 0, 1, 8, 2, 42, 16, 15, 6, NULL, 1, 1, 1, 1, 1, 1, 1, 'ABCD', 28, 203, 0, 0, 0, 0, 0, 0, 0, 0, 0, 0, 0, 'ABCEFG', 6, 4, 2021);
INSERT INTO `constru_property` VALUES ('002200', 'ST云投', 3614107820.22, 21, 1998, 359, 0.877662, 0.188767, -0.468516, 0.096309, 3792004.15, 0, 0, 3, 0, 29, 0, 0, 0, 0, 0, 5, 0, 14, 6, 4, 4, 0, 1, 1, 1, 0, 0, 1, 0, 'A、D', 8, 59, 0, 0, 0, 0, 0, 0, 0, 0, 0, 0, 0, 'C', 1, 3, 2019);
INSERT INTO `constru_property` VALUES ('002200', 'ST云投', 296891062.86, 21, 1998, 297, 0.89005, 0.090197, 0, -0.428784, 3417097.53, 0, 0, 0, 0, 33, 0, 0, 0, 0, 0, 5, 0, 18, 4, 1, 4, NULL, 1, 1, 1, 0, 0, 1, 0, 'AD', 0, 57, 0, 0, 0, 0, 0, 0, 0, 0, 0, 0, 0, 'C', 1, 2, 2020);
INSERT INTO `constru_property` VALUES ('002307', '北新路桥', 27575087546.38, 21, 1998, 4243, 0.860592, 0.403493, 0.248148, 0.004338, 28493311.03, 0.26, 43, 0, 50, 92, 4, 1, 2, 0, 0, 3, 0, 19, 0, 2, 4, 0, 0, 0, 1, 0, 0, 0, 0, 'A', 12, 106, 0, 0, 0, 0, 0, 0, 0, 0, 0, 0, 0, 'C', 1, 1, 2019);
INSERT INTO `constru_property` VALUES ('002307', '北新路桥', 40758930868.92, 21, 1998, 3963, 0.883693, 0.291612, -0.005585, 0.006758, 76934000, 0.0065, 581, 0, 6, 114, 0, 0, 2, 0, 0, 3, 0, 19, 3, 0, 4, NULL, 0, 0, 1, 0, 0, 0, 0, 'A', 0, 117, 0, 0, 0, 0, 0, 0, 0, 0, 0, 0, 0, 'C', 1, 1, 2020);
INSERT INTO `constru_property` VALUES ('002307', '北新路桥', 45692583922.78, 21, 2001, 3672, 0.883406, 0.269639, 0.065372, 0.005584, 89718000, 0.0073, 663, 9, 89, 50, 46, 2, 0, 0, 0, 6, 3, 27, 2, 7, 4, NULL, 1, 0, 1, 0, 0, 0, 0, 'A', 1, 46, 0, 0, 0, 0, 0, 0, 0, 0, 0, 0, 0, 'C', 1, 1, 2021);
INSERT INTO `constru_property` VALUES ('002310', '东方园林', 43811501216.44, 24, 1995, 3388, 0.710368, 0.185641, 266.670709, 0.005424, 237252242.11, 2.92, 866, 0, 58, 223, 2, 1, 5, 0, 97, 4, 0, 52, 4, 2, 8, 0, 1, 1, 1, 0, 0, 1, 0, 'A、B、D', 34, 181, 0, 0, 0, 0, 0, 0, 0, 0, 0, 0, 0, 'ACEFG', 5, 5, 2019);
INSERT INTO `constru_property` VALUES ('002310', '东方园林', 45379124099.99, 24, 1995, 3459, 0.707064, 0.192281, -3.083004, -0.056062, 191870908.51, 0.022, 642, 0, 34, 185, 0, 0, 5, 0, 0, 4, 622, 37, 2, 4, 8, NULL, 1, 1, 1, 0, 0, 1, 0, 'ABD', 0, 137, 0, 0, 0, 0, 0, 0, 0, 0, 0, 0, 0, 'ACEFG', 5, 3, 2020);
INSERT INTO `constru_property` VALUES ('002310', '东方园林', 45247267698.44, 30, 1992, 3396, 0.7309, 0.231763, -13.2614, -0.111552, 170069655.45, 0.0162, 468, 10, 530, 41, 2, 0, 1, 0, 0, 3, 1, 33, 1, 2, 4, NULL, 1, 1, 1, 0, 0, 1, 0, 'ABD', 11, 57, 0, 0, 0, 0, 0, 0, 0, 0, 0, 0, 0, 'ACEFG', 5, 3, 2021);
INSERT INTO `constru_property` VALUES ('002431', '棕榈股份', 17195137922.78, 21, 1998, 1269, 0.723633, 0.157534, 0, -0.389132, 113515680.83, 4.19, 173, 22, 5, 112, 1, 0, 13, 4, 0, 9, 0, 33, 1, 14, 4, 1, 1, 1, 1, 1, 1, 1, 1, 'A、B、C、D', 12, 89, 0, 0, 0, 0, 0, 0, 0, 0, 0, 0, 0, 'ACEFG', 5, 7, 2019);
INSERT INTO `constru_property` VALUES ('002431', '棕榈股份', 16453602444.2, 21, 1998, 1391, 0.712462, 0.293015, -1.114291, 0.00584, 167676512.02, 0.0348, 195, 20, 4, 127, 2, 0, 13, 4, 0, 9, 0, 25, 6, 7, 4, NULL, 1, 1, 1, 1, 1, 1, 1, 'ABCD', 8, 73, 0, 0, 0, 0, 0, 0, 0, 0, 0, 0, 0, 'ACEFG', 5, 4, 2020);
INSERT INTO `constru_property` VALUES ('002431', '棕榈股份', 17681727368.47, 14, 2008, 1188, 0.776876, 0.228818, -65.761826, -0.193878, 191559436.52, 0.0473, 205, 10, 17, 15, 8, 1, 13, 0, 0, 5, 0, 39, 7, 24, 4, NULL, 1, 1, 1, 1, 1, 1, 1, 'ABCD', 6, 67, 0, 0, 0, 0, 0, 0, 0, 0, 0, 0, 0, 'ACEFG', 5, 4, 2021);
INSERT INTO `constru_property` VALUES ('002469', '三维化学', 1654501064.81, 21, 1998, 448, 0.190786, 0.381389, 1.080644, 0.125708, 31767348.79, 5.03, 195, 1, 2, 55, 0, 0, 0, 1, 3, 1, 0, 29, 5, 1, 5, 0, 1, 1, 1, 1, 0, 1, 0, 'A', 11, 126, 0, 0, 0, 0, 0, 0, 0, 0, 0, 0, 0, 'ACEFG', 5, 1, 2019);
INSERT INTO `constru_property` VALUES ('002469', '三维化学', 3004859942.38, 21, 1998, 809, 0.204301, 0.224957, 13.802646, 0.550032, 32707961.26, 0.0484, 281, 0, 141, 61, 0, 0, 0, 1, 1, 1, 141, 28, 5, 8, 5, NULL, 1, 1, 1, 1, 0, 1, 0, 'A', 5, 190, 0, 0, 0, 0, 0, 0, 0, 0, 0, 0, 0, 'ACEFG', 5, 1, 2020);
INSERT INTO `constru_property` VALUES ('002469', '三维化学', 3266878826.55, 15, 2007, 795, 0.208837, 0.805498, -0.149524, 0.145931, 103009869.8, 0.0391, 259, 12, 20, 46, 1, 0, 0, 0, 1, 4, 6, 46, 8, 9, 5, NULL, 1, 1, 1, 1, 1, 1, 0, 'A', 7, 130, 0, 0, 0, 0, 0, 0, 0, 0, 0, 0, 0, 'ACEFG', 5, 1, 2021);
INSERT INTO `constru_property` VALUES ('002541', '鸿路钢构', 12752502108.24, 12, 2007, 11113, 0.61278, 0.843358, 0.312323, 0.051987, 303585750.13, 2.82, 978, 0, 26, 0, 0, 0, 8, 3, 0, 4, 0, 24, 12, 25, 6, 1, 1, 1, 1, 1, 0, 1, 1, 'A、B、C、D', 12, 101, 0, 0, 0, 0, 0, 0, 0, 0, 0, 0, 0, 'ABCDEFG', 7, 7, 2019);
INSERT INTO `constru_property` VALUES ('002541', '鸿路钢构', 16207311756.83, 12, 2007, 15190, 0.631156, 0.829929, -0.051041, 0.059408, 384369386.67, 0.0286, 1096, 0, 34, 0, 0, 0, 8, 3, 0, 4, 0, 29, 16, 27, 6, NULL, 1, 1, 1, 1, 0, 1, 1, 'ABCD', 1, 100, 5, 0, 1, 0, 0, 0, 0, 0, 0, 0, 0, 'ABCDEFG', 7, 4, 2020);
INSERT INTO `constru_property` VALUES ('002541', '鸿路钢构', 19576162146.42, 20, 2002, 19398, 0.62859, 0.996866, 0.009922, 0.058935, 582951066.87, 0.0299, 1265, 0, 0, 0, 0, 0, 0, 0, 0, 3, 0, 28, 21, 33, 3, NULL, 1, 1, 1, 1, 0, 1, 1, 'ABCD', 13, 64, 5, 0, 1, 2, 0, 0, 0, 0, 0, 0, 0, 'ABCDEFG', 7, 4, 2021);
INSERT INTO `constru_property` VALUES ('002542', '中化岩土', 9008290719.83, 15, 2004, 2005, 0.539615, 0.455167, 0.228979, 0.060257, 121830227.17, 2.97, 378, 16, 292, 83, 0, 0, 3, 1, 0, 2, 0, 34, 3, 3, 8, 0, 1, 0, 1, 0, 0, 0, 0, 'A、C、D', 13, 123, 0, 0, 0, 0, 0, 0, 0, 0, 0, 0, 0, 'ACEFG', 5, 5, 2019);
INSERT INTO `constru_property` VALUES ('002542', '中化岩土', 10603917630.56, 15, 2004, 2096, 0.613337, 0.534027, -0.981844, 0.029877, 169729121.22, 0.03, 382, 0, 318, 85, 0, 0, 3, 1, 0, 2, 220, 50, 2, 3, 8, NULL, 1, 0, 1, 0, 0, 0, 0, 'ACD', 0, 121, 0, 0, 0, 0, 0, 0, 0, 0, 0, 0, 0, 'ACEFG', 5, 3, 2020);
INSERT INTO `constru_property` VALUES ('002542', '中化岩土', 10146353859.7, 21, 2001, 1972, 0.637175, 0.509926, -56.196169, -0.060852, 158363183.48, 0.0306, 410, 12, 359, 32, 14, 0, 3, 0, 0, 4, 1, 42, 3, 10, 4, NULL, 1, 1, 1, 1, 0, 0, 0, 'ACD', 20, 63, 0, 0, 0, 0, 0, 0, 0, 0, 0, 0, 0, 'ACEFG', 5, 3, 2021);
INSERT INTO `constru_property` VALUES ('002545', '东方铁塔', 11808806332.11, 11, 2008, 1912, 0.346251, 0.220676, 0.606242, 0.115775, 56009573.79, 2.15, 305, 0, 12, 4, 1, 0, 0, 1, 0, 2, 0, 22, 3, 17, 2, 0, 1, 1, 1, 0, 0, 1, 0, 'A、B、C', 17, 232, 0, 0, 0, 0, 0, 0, 0, 0, 0, 0, 0, 'ABCEFG', 6, 5, 2019);
INSERT INTO `constru_property` VALUES ('002545', '东方铁塔', 11769319568.01, 11, 2008, 1648, 0.33401, 0.22528, 0.131035, 0.116551, 56843900.09, 0.0214, 308, 0, 0, 5, 0, 0, 0, 1, 0, 2, 60, 18, 3, 16, 2, NULL, 1, 1, 1, 0, 0, 1, 0, 'ABC', 0, 221, 0, 0, 0, 0, 0, 0, 0, 0, 0, 0, 0, 'ABCEFG', 6, 3, 2020);
INSERT INTO `constru_property` VALUES ('002545', '东方铁塔', 11708008436.33, 26, 1996, 1601, 0.319845, 0.237594, -0.66292, 0.144382, 66102392.02, 0.0238, 313, 8, 11, 5, 0, 0, 0, 0, 0, 3, 8, 17, 10, 2, 2, NULL, 1, 1, 1, 0, 0, 1, 0, 'ABC', 9, 150, 0, 0, 0, 1, 0, 0, 0, 0, 0, 0, 0, 'ABCEFG', 6, 3, 2021);
INSERT INTO `constru_property` VALUES ('002586', '*ST围海', 9922144587.06, 32, 1987, 1817, 0.570888, 0.346458, -23.712427, -0.324096, 38273388.39, 1.11, 241, 0, 163, 0, 1, 1, 4, 0, 0, 1, 0, 25, 1, 3, 3, 0, 1, 1, 1, 0, 0, 0, 0, 'A、B、D', 7, 97, 0, 0, 0, 0, 0, 0, 0, 0, 0, 0, 0, 'BC', 2, 5, 2019);
INSERT INTO `constru_property` VALUES ('002586', '*ST围海', 8242208932.04, 32, 1987, 684, 0.587511, 0.260931, 0, -0.197952, 22270959.24, 0.0113, 118, 0, 9, 0, 0, 0, 4, 0, 0, 1, 191, 29, 2, 4, 3, NULL, 1, 1, 1, 0, 0, 0, 0, 'ABD', 0, 82, 0, 0, 0, 0, 0, 0, 0, 0, 0, 0, 0, 'BC', 2, 3, 2020);
INSERT INTO `constru_property` VALUES ('002586', '围海股份', 8881246764.39, 34, 1988, 1458, 0.58114, 0.290582, -8.758923, -0.022795, 22402936.65, 0.0087, 117, 8, 20, 0, 10, 0, 0, 0, 0, 3, 5, 31, 0, 8, 6, NULL, 1, 1, 1, 0, 0, 0, 0, 'ABD', 3, 54, 0, 0, 0, 0, 0, 0, 0, 0, 0, 0, 0, 'BC', 2, 3, 2021);
INSERT INTO `constru_property` VALUES ('002593', '日上集团', 3960482583.52, 22, 1997, 3228, 0.512399, 0.665659, -0.166959, 0.030531, 83218980.39, 3.16, 359, 0, 0, 11, 1, 0, 1, 0, 0, 1, 0, 36, 2, 1, 2, 1, 1, 1, 1, 0, 0, 1, 1, 'A、B、C、D', 19, 181, 0, 0, 0, 0, 0, 0, 0, 0, 0, 0, 0, 'A', 1, 7, 2019);
INSERT INTO `constru_property` VALUES ('002593', '日上集团', 4306775202.68, 22, 1997, 3701, 0.542216, 0.693734, -0.735982, 0.025325, 89081325.41, 0.0304, 388, 16, 0, 12, 0, 0, 1, 0, 0, 1, 0, 30, 3, 1, 2, NULL, 1, 1, 1, 0, 0, 1, 1, 'ABCD', 1, 177, 0, 0, 0, 0, 0, 0, 0, 0, 0, 0, 0, 'A', 1, 4, 2020);
INSERT INTO `constru_property` VALUES ('002593', '日上集团', 4929076265.18, 27, 1995, 3849, 0.521937, 0.766571, -0.723961, 0.028273, 116022793.46, 0.0307, 410, 9, 0, 12, 1, 0, 1, 0, 0, 1, 9, 30, 5, 1, 2, NULL, 1, 1, 1, 0, 0, 1, 1, 'ABCD', 3, 124, 0, 0, 0, 0, 0, 0, 0, 0, 0, 0, 0, 'A', 1, 4, 2021);
INSERT INTO `constru_property` VALUES ('002628', '成都路桥', 6946844167.27, 22, 1997, 690, 0.594788, 0.402376, 0.532222, 0.015117, 8938572.9, 0.32, 33, 12, 12, 18, 0, 0, 0, 0, 0, 1, 12, 22, 1, 4, 9, 1, 1, 1, 1, 0, 0, 0, 1, 'A、C', 18, 131, 0, 0, 0, 0, 0, 0, 0, 0, 0, 0, 0, 'AEFG', 4, 3, 2019);
INSERT INTO `constru_property` VALUES ('002628', '成都路桥', 7733050927.61, 22, 1997, 699, 0.617272, 0.281299, 0.187142, 0.037746, 3985731.64, 0.0018, 25, 12, 0, 18, 0, 0, 0, 0, 0, 1, 12, 18, 6, 4, 9, NULL, 1, 1, 1, 0, 0, 0, 1, 'AC', 0, 145, 0, 0, 0, 0, 0, 0, 0, 0, 0, 0, 0, 'AEFG', 4, 2, 2020);
INSERT INTO `constru_property` VALUES ('002628', '成都路桥', 8195753938.03, 34, 1988, 631, 0.627836, 0.218375, 16.307405, 0.043922, 5817548.31, 0.0033, 53, 8, 9, 8, 0, 0, 3, 0, 0, 3, 8, 28, 4, 9, 9, NULL, 1, 1, 1, 0, 0, 0, 1, 'AC', 13, 75, 0, 0, 0, 0, 1, 0, 0, 0, 0, 0, 0, 'AEFG', 4, 2, 2021);
INSERT INTO `constru_property` VALUES ('002663', '普邦股份', 7552631755.6, 25, 1994, 2179, 0.44374, 0.40921, -76.028008, -0.337735, 102237816.23, 3.31, 303, 7, 20, 94, 0, 0, 4, 0, 0, 7, 0, 60, 9, 10, 8, 0, 1, 1, 1, 1, 0, 1, 1, 'A、B、C、D', 17, 151, 0, 0, 0, 0, 0, 0, 0, 0, 0, 0, 0, 'BCEG', 4, 7, 2019);
INSERT INTO `constru_property` VALUES ('002663', '普邦股份', 7115143509.22, 25, 1994, 1832, 0.440562, 0.357193, -18.867883, -0.086041, 103002864.6, 0.0405, 298, 22, 0, 80, 0, 0, 4, 0, 0, 7, 0, 39, 2, 2, 8, NULL, 1, 1, 1, 1, 0, 1, 1, 'ABCD', 0, 141, 0, 0, 0, 0, 0, 0, 0, 0, 0, 0, 0, 'BCEG', 4, 4, 2020);
INSERT INTO `constru_property` VALUES ('002663', '普邦股份', 6195942431.37, 27, 1995, 1826, 0.460845, 0.451345, 0, -0.243074, 98703133.95, 0.0353, 214, 11, 17, 32, 16, 1, 3, 0, 8, 4, 6, 28, 6, 10, 8, NULL, 1, 1, 1, 0, 0, 0, 1, 'ABCD', 22, 107, 0, 0, 0, 0, 0, 0, 0, 0, 0, 0, 0, 'BCEG', 4, 4, 2021);
INSERT INTO `constru_property` VALUES ('002717', '岭南股份', 19545770109.79, 10, 2009, 2932, 0.733939, 0.407077, -0.639915, 0.044154, 347442690.89, 4.37, 642, 0, 196, 219, 0, 2, 10, 0, 0, 10, 0, 32, 9, 11, 6, 0, 1, 1, 1, 0, 0, 1, 0, 'A、C、D', 14, 102, 0, 0, 0, 0, 0, 0, 0, 0, 0, 0, 0, 'AEF', 3, 5, 2019);
INSERT INTO `constru_property` VALUES ('002717', '岭南股份', 19590566114.4, 10, 2009, 2272, 0.752555, 0.339515, -8.881067, -0.067967, 338893276.41, 0.051, 591, 0, 281, 163, 0, 0, 10, 0, 0, 10, 311, 27, 1, 8, 6, NULL, 1, 1, 1, 0, 0, 1, 0, 'ACD', 79, 129, 0, 0, 0, 0, 0, 0, 0, 0, 0, 0, 0, 'AEF', 3, 3, 2020);
INSERT INTO `constru_property` VALUES ('002717', '岭南股份', 19086037664.69, 24, 1998, 1681, 0.730407, 0.251463, -0.447684, 0.010678, 193463128, 0.0403, 514, 3, 384, 59, 30, 2, 36, 0, 0, 3, 3, 31, 1, 3, 6, NULL, 1, 1, 1, 0, 0, 1, 0, 'ACD', 8, 68, 0, 0, 0, 0, 0, 0, 0, 0, 0, 0, 0, 'AEF', 3, 3, 2021);
INSERT INTO `constru_property` VALUES ('002743', '富煌钢构', 7678994231.05, 20, 1999, 2302, 0.712229, 0.487022, 0.245978, 0.024309, 145984945.73, 3.9, 178, 0, 0, 0, 3, 0, 5, 1, 0, 4, 0, 19, 6, 16, 9, 1, 1, 1, 1, 1, 1, 1, 1, 'A、B、C、D', 21, 123, 0, 0, 0, 0, 0, 0, 0, 0, 0, 0, 0, 'ABCEFG', 6, 7, 2019);
INSERT INTO `constru_property` VALUES ('002743', '富煌钢构', 9045273442.87, 20, 1999, 2438, 0.673673, 0.450447, -0.332522, 0.033003, 142859963.42, 0.0351, 182, 0, 0, 0, 0, 0, 5, 1, 0, 4, 0, 19, 1, 4, 9, NULL, 1, 1, 1, 1, 1, 1, 1, 'ABCD', 2, 105, 1, 0, 1, 0, 0, 0, 0, 0, 0, 0, 0, 'ABCEFG', 6, 4, 2020);
INSERT INTO `constru_property` VALUES ('002743', '富煌钢构', 10083181670.2, 18, 2004, 2238, 0.692245, 0.569015, -0.42427, 0.02912, 200395640.71, 0.0349, 151, 0, 0, 16, 3, 0, 3, 0, 0, 3, 0, 25, 5, 2, 9, NULL, 1, 1, 1, 1, 1, 1, 1, 'ABCD', 11, 50, 3, 0, 0, 0, 0, 0, 0, 0, 0, 0, 0, 'ABCEFG', 6, 4, 2021);
INSERT INTO `constru_property` VALUES ('002761', '浙江建投', 79323965003.99, 20, 1999, 20412, 0.924608, 0.953677, 360.558384, 0.011922, 154236393.43, 0.2, 3694, 70, 0, 389, 118, 2, 17, 5, 8, 7, 191, 49, 18, 25, 5, 1, 1, 1, 1, 1, 1, 1, 1, 'A、B、C、D', 9, 156, 2, 0, 2, 0, 0, 0, 0, 2, 0, 0, 0, 'ABCDEFG', 7, 7, 2019);
INSERT INTO `constru_property` VALUES ('002761', '浙江建投（数字化典型）', 86780759638.82, 21, 1999, 20546, 0.915445, 0.916674, 0.194328, 0.014503, 253886859.47, 0.0032, 3709, 530, 0, 427, 92, 0, 17, 5, 8, 7, 191, 50, 11, 32, 5, NULL, 1, 1, 1, 1, 1, 1, 1, 'ABCD', 32, 156, 2, 0, 2, 0, 0, 0, 0, 2, 0, 0, 0, 'ABCDEFG', 7, 4, 2020);
INSERT INTO `constru_property` VALUES ('002761', '浙江建投', 99245777030.7, 16, 2006, 20992, 0.915233, 0.960595, -0.483842, 0.013301, 336041590.13, 0.0035, 3725, 3, 1000, 115, 162, 1, 15, 0, 0, 8, 1, 42, 12, 33, 5, NULL, 1, 1, 1, 1, 1, 1, 1, 'ABCD', 20, 73, 2, 0, 2, 0, 0, 0, 0, 3, 0, 0, 0, 'ABCDEFG', 7, 4, 2021);
INSERT INTO `constru_property` VALUES ('002775', '文科园林', 4609391665.76, 18, 2001, 1424, 0.433016, 0.628853, -0.191572, 0.08455, 94536844.9, 3.26, 190, 11, 24, 78, 0, 0, 3, 4, 0, 2, 11, 28, 0, 0, 4, 1, 1, 1, 1, 1, 0, 0, 1, 'A、B、C、D', 18, 147, 0, 0, 0, 0, 0, 0, 0, 0, 0, 0, 0, 'ABCEFG', 6, 7, 2019);
INSERT INTO `constru_property` VALUES ('002775', '文科园林', 5394068605.48, 19, 2001, 1407, 0.53126, 0.467218, -0.515606, 0.061674, 79316028.34, 0.0315, 187, 11, 19, 66, 0, 0, 3, 4, 0, 2, 11, 24, 0, 1, 4, NULL, 1, 1, 1, 1, 0, 0, 1, 'ABCD', 18, 147, 0, 0, 0, 0, 0, 0, 0, 0, 0, 0, 0, 'ABCEFG', 6, 4, 2020);
INSERT INTO `constru_property` VALUES ('002775', '文科园林', 4552127541.63, 26, 1996, 1277, 0.867623, 0.423163, 0, -0.867075, 59806546.87, 0.031, 202, 12, 0, 18, 0, 0, 5, 0, 0, 2, 10, 27, 1, 0, 4, NULL, 1, 1, 1, 0, 0, 0, 1, 'ABCD', 4, 66, 0, 0, 0, 0, 0, 0, 0, 0, 0, 0, 0, 'ABCEFG', 6, 4, 2021);
INSERT INTO `constru_property` VALUES ('002941', '新疆交建', 10996460407.61, 16, 2003, 1950, 0.75383, 0.54119, 1.090213, 0.030944, 37040730.21, 0.62, 64, 0, 59, 34, 0, 0, 0, 3, 0, 7, 0, 26, 3, 5, 8, 1, 1, 1, 1, 1, 0, 1, 1, 'A、B、C、D', 15, 144, 0, 0, 0, 0, 0, 0, 0, 0, 0, 0, 0, 'ACEFG', 5, 7, 2019);
INSERT INTO `constru_property` VALUES ('002941', '新疆交建', 14607666697.17, 17, 2003, 1991, 0.736827, 0.48873, 0, 0.016894, 40590325.05, 0.0057, 93, 20, 59, 31, 0, 0, 0, 3, 0, 7, 0, 27, 4, 2, 8, NULL, 1, 1, 1, 1, 0, 1, 1, 'ABCD', 15, 144, 0, 0, 0, 0, 0, 0, 0, 0, 0, 0, 0, 'ACEFG', 5, 4, 2020);
INSERT INTO `constru_property` VALUES ('003001', '中岩大地', 2336684603.34, 14, 2008, 482, 0.416446, 0.58945, 0.971022, 0.080884, 46668272.8, 0.0339, 61, 8, 495, 43, 2, 0, 4, 0, 0, 2, 5, 31, 14, 20, 3, NULL, 1, 1, 1, 1, 0, 1, 0, 'ABCD', 8, 131, 2, 0, 0, 0, 0, 0, 0, 1, 0, 0, 0, 'ABCEFG', 6, 4, 2021);
INSERT INTO `constru_property` VALUES ('300117', '嘉寓股份', 6098650790.55, 11, 2008, 1164, 0.772147, 0.5636, -2.072107, 0.007426, 66802804.34, 1.94, 429, 18, 73, 28, 5, 0, 0, 0, 0, 2, 18, 38, 27, 32, 3, 0, 1, 1, 1, 0, 0, 1, 0, 'A、B、C、D', 35, 279, 0, 0, 0, 0, 0, 0, 0, 0, 0, 0, 0, 'BC', 2, 7, 2019);
INSERT INTO `constru_property` VALUES ('300117', '嘉寓股份', 5513566072.65, 12, 2008, 906, 0.735708, 0.377003, 0, 0.03888, 67354898.78, 0.0324, 409, 18, 16, 22, 0, 0, 0, 0, 0, 2, 18, 33, 25, 28, 3, NULL, 1, 1, 1, 0, 0, 1, 0, 'ABCD', 35, 279, 0, 0, 0, 0, 0, 0, 0, 0, 0, 0, 0, 'BC', 2, 4, 2020);
INSERT INTO `constru_property` VALUES ('300117', '嘉寓股份', 4502265170.67, 35, 1987, 804, 0.977786, 0.317525, 0, -0.942817, 31012388.13, 0.0217, 357, 19, 416, 8, 4, 0, 0, 0, 0, 2, 12, 41, 15, 14, 4, NULL, 1, 1, 1, 0, 0, 1, 0, 'ABCD', 35, 133, 2, 0, 0, 1, 0, 0, 0, 0, 0, 0, 0, 'BC', 2, 4, 2021);
INSERT INTO `constru_property` VALUES ('300197', '节能铁汉', 29335466866.15, 11, 2008, 2854, 0.764752, 0.1727, -139.888773, -0.182039, 218491070.96, 4.31, 476, 12, 16, 270, 8, 0, 7, 1, 0, 2, 0, 44, 12, 10, 4, 1, 1, 1, 1, 1, 0, 0, 0, 'A、B、D', 24, 151, 0, 0, 0, 0, 0, 0, 0, 0, 0, 0, 0, 'BEFG', 4, 5, 2019);
INSERT INTO `constru_property` VALUES ('300197', '节能铁汉', 30200295791.16, 12, 2008, 2268, 0.77447, 0.139452, 0, 0.01367, 151771669.31, 0.036, 365, 16, 9, 177, 4, 0, 7, 1, 0, 2, 0, 41, 8, 7, 4, NULL, 1, 1, 1, 1, 0, 0, 0, 'ABD', 24, 151, 0, 0, 0, 1, 0, 0, 0, 0, 0, 0, 0, 'BEFG', 4, 3, 2020);
INSERT INTO `constru_property` VALUES ('300197', '节能铁汉', 30922899386.54, 21, 2001, 2094, 0.744849, 0.086108, -6.95942, -0.136044, 124649503.23, 0.0468, 300, 16, 402, 63, 1, 0, 12, 0, 1, 2, 8, 32, 4, 9, 4, NULL, 1, 1, 1, 1, 0, 0, 0, 'ABD', 33, 144, 0, 0, 0, 0, 0, 0, 0, 0, 0, 0, 0, 'BEFG', 4, 3, 2021);
INSERT INTO `constru_property` VALUES ('300237', '美晨生态', 9900914622.21, 18, 2001, 2555, 0.694008, 0.297599, 0, 0.024704, 147187226.43, 4.98, 492, 35, 245, 38, 5, 4, 0, 1, 0, 3, 0, 25, 2, 10, 2, 1, 1, 1, 1, 0, 0, 0, 1, 'A、B、D', 17, 226, 0, 0, 0, 0, 0, 0, 0, 0, 0, 0, 0, 'BCDFG', 5, 5, 2019);
INSERT INTO `constru_property` VALUES ('300237', '美晨生态', 10473506439.08, 19, 2001, 2441, 0.743748, 0.29265, 0, 0.008656, 126812969.23, 0.0414, 423, 39, 13, 33, 0, 0, 0, 1, 0, 3, 0, 33, 4, 3, 2, NULL, 1, 1, 1, 0, 0, 0, 1, 'ABD', 17, 226, 0, 0, 0, 0, 0, 0, 0, 0, 0, 0, 0, 'BCDFG', 5, 3, 2020);
INSERT INTO `constru_property` VALUES ('300237', '美晨生态', 10257898473.48, 18, 2004, 2447, 0.76116, 0.202336, 0, -0.186266, 113605116.28, 0.0547, 383, 54, 83, 14, 5, 1, 5, 0, 4, 3, 8, 38, 7, 6, 2, NULL, 1, 1, 1, 0, 0, 0, 1, 'ABD', 24, 192, 0, 0, 0, 0, 0, 0, 0, 0, 0, 0, 0, 'BCDFG', 5, 3, 2021);
INSERT INTO `constru_property` VALUES ('300355', '蒙草生态', 16183249325.13, 25, 1994, 1464, 0.669551, 0.176217, -4.397808, 0.009377, 69941182.78, 2.45, 71, 41, 45, 94, 1, 0, 7, 0, 41, 6, 0, 108, 7, 4, 8, 1, 1, 1, 1, 0, 0, 0, 1, 'A、B、C、D', 21, 71, 0, 0, 0, 0, 0, 0, 0, 0, 0, 0, 0, 'CDFG', 4, 7, 2019);
INSERT INTO `constru_property` VALUES ('300355', '蒙草生态', 15216080348.15, 26, 1994, 936, 0.638955, 0.167047, 2.147979, 0.075986, 141546323.25, 0.0557, 140, 0, 21, 463, 0, 0, 7, 0, 41, 6, 0, 91, 5, 5, 8, NULL, 1, 1, 1, 0, 0, 1, 1, 'ABCD', 21, 71, 0, 0, 0, 1, 0, 0, 0, 0, 0, 0, 0, 'CDFG', 4, 4, 2020);
INSERT INTO `constru_property` VALUES ('300355', '蒙草生态', 16010930345.17, 21, 2001, 1012, 0.640427, 0.18184, -0.339055, 0.126586, 181234636.14, 0.0622, 186, 8, 81, 48, 1, 0, 8, 0, 11, 6, 2, 77, 9, 7, 4, NULL, 1, 1, 1, 0, 0, 1, 1, 'ABCD', 3, 16, 0, 0, 0, 0, 0, 0, 0, 0, 0, 0, 0, 'CDFG', 4, 4, 2021);
INSERT INTO `constru_property` VALUES ('300384', '三联虹普', 2881824073.9, 17, 2002, 279, 0.349312, 0.291869, -0.255222, 0.222307, 53057576.77, 6.31, 65, 11, 0, 37, 4, 0, 0, 0, 0, 5, 6, 118, 12, 50, 3, 1, 1, 1, 1, 1, 1, 1, 1, 'A、B、C、D', 7, 258, 0, 0, 0, 0, 0, 0, 0, 0, 0, 0, 0, 'BC', 2, 7, 2019);
INSERT INTO `constru_property` VALUES ('300384', '三联虹普（数字孪生平台）', 3008307365.81, 18, 2002, 269, 0.314912, 0.290995, -0.346631, 0.19836, 70385951.37, 0.0804, 85, 8, 0, 45, 0, 0, 0, 0, 0, 5, 6, 98, 11, 38, 3, NULL, 1, 1, 1, 1, 1, 1, 1, 'ABCD', 7, 258, 0, 0, 0, 0, 0, 0, 0, 0, 0, 0, 0, 'BC', 2, 4, 2020);
INSERT INTO `constru_property` VALUES ('300384', '三联虹普', 3241689296.48, 23, 1999, 253, 0.325834, 0.259256, -0.102767, 0.237669, 78583783.15, 0.0935, 80, 8, 258, 21, 3, 0, 1, 1, 0, 5, 6, 96, 10, 38, 4, NULL, 1, 1, 1, 1, 1, 1, 1, 'ABCD', 20, 328, 0, 0, 0, 1, 0, 0, 0, 0, 0, 0, 0, 'BC', 2, 4, 2021);
INSERT INTO `constru_property` VALUES ('300495', '*ST美尚', 8040522724.58, 27, 1992, 841, 0.65989, 0.223355, -0.184825, 0.127341, 45507102.39, 2.34, 66, 0, 17, 30, 1, 0, 0, 0, 30, 4, 17, 40, 2, 5, 3, 1, 1, 1, 1, 0, 0, 0, 1, 'A、B、C、D', 17, 141, 0, 0, 0, 0, 0, 0, 0, 0, 0, 0, 0, 'CF', 2, 7, 2019);
INSERT INTO `constru_property` VALUES ('300495', '*ST美尚', 7331150251.32, 28, 1992, 710, 0.661339, 0.179551, -4.727535, -0.073593, 34919281.79, 0.026, 77, 0, 117, 35, 1, 0, 0, 0, 30, 4, 17, 34, 2, 6, 3, NULL, 1, 1, 1, 0, 0, 0, 1, 'ABCD', 17, 141, 0, 0, 0, 0, 0, 0, 0, 0, 0, 0, 0, 'CF', 2, 4, 2020);
INSERT INTO `constru_property` VALUES ('300495', '美尚生态', 5938402495.85, 21, 2001, 330, 0.757697, 0.035998, 0, -4.907295, 15232978.76, 0.0713, 20, 8, 81, 4, 1, 0, 1, 0, 2, 5, 2, 35, 2, 14, 3, NULL, 1, 1, 1, 0, 0, 0, 1, 'ABCD', 23, 93, 0, 0, 0, 0, 0, 0, 0, 0, 0, 0, 0, 'CF', 2, 4, 2021);
INSERT INTO `constru_property` VALUES ('300517', '海波重科', 1405323022.55, 11, 2008, 388, 0.486276, 0.519043, -1.775013, 0.035037, 23392968.55, 3.21, 155, 15, 23, 3, 0, 0, 1, 0, 0, 2, 0, 31, 33, 12, 6, 1, 1, 1, 1, 0, 0, 0, 1, 'A、B、C、D', 19, 171, 0, 0, 0, 0, 0, 0, 0, 0, 0, 0, 0, 'ABCEFG', 6, 7, 2019);
INSERT INTO `constru_property` VALUES ('300517', '海波重科', 1806491735.34, 12, 2008, 374, 0.532626, 0.474528, 0.381228, 0.060547, 29936495.9, 0.0349, 133, 14, 17, 4, 0, 0, 1, 0, 0, 2, 0, 33, 23, 11, 6, NULL, 1, 1, 1, 0, 0, 1, 1, 'ABCD', 19, 171, 0, 0, 0, 0, 0, 0, 0, 0, 0, 0, 0, 'ABCEFG', 6, 4, 2020);
INSERT INTO `constru_property` VALUES ('300517', '海波重科', 1895392110.91, 28, 1994, 410, 0.513343, 0.589798, 1.607148, 0.081458, 39851563.09, 0.0356, 173, 14, 32, 6, 0, 0, 1, 0, 0, 2, 14, 41, 22, 13, 6, NULL, 1, 1, 1, 0, 0, 0, 1, 'ABCD', 22, 124, 0, 0, 0, 0, 0, 0, 0, 0, 0, 0, 0, 'ABCEFG', 6, 4, 2021);
INSERT INTO `constru_property` VALUES ('300536', '农尚环境', 1404934264.58, 13, 2006, 325, 0.564199, 0.329421, -0.525193, 0.113443, 15651175.4, 3.38, 47, 0, 1, 6, 0, 0, 0, 0, 10, 1, 6, 26, 2, 0, 5, 0, 1, 1, 1, 0, 0, 0, 0, 'A、B、D', 13, 147, 0, 0, 0, 0, 0, 0, 0, 0, 0, 0, 0, 'CFG', 3, 5, 2019);
INSERT INTO `constru_property` VALUES ('300536', '农尚环境', 1303682101.5, 14, 2006, 135, 0.532966, 0.221117, 23.6074, 0.024807, 8637091.02, 0.03, 23, 7, 8, 4, 0, 0, 0, 0, 10, 1, 6, 19, 1, 0, 5, NULL, 1, 1, 1, 0, 0, 0, 0, 'ABD', 13, 147, 0, 0, 0, 0, 0, 0, 0, 0, 0, 0, 0, 'CFG', 3, 3, 2020);
INSERT INTO `constru_property` VALUES ('300536', '农尚环境', 1185170638.27, 22, 2000, 118, 0.480844, 0.259544, 0, -0.006836, 3374348.8, 0.011, 11, 5, 8, 7, 0, 0, 0, 0, 0, 0, 4, 45, 0, 3, 5, NULL, 1, 1, 1, 0, 0, 0, 0, 'ABD', 15, 93, 0, 0, 0, 0, 0, 0, 0, 0, 0, 0, 0, 'CFG', 3, 3, 2021);
INSERT INTO `constru_property` VALUES ('300649', '杭州园林', 976378912.16, 20, 1999, 270, 0.58018, 0.848039, 1.445676, 0.080562, 37398044.64, 4.52, 45, 11, 9, 170, 6, 0, 1, 0, 0, 1, 11, 24, 0, 4, 4, 1, 1, 1, 1, 1, 0, 0, 1, 'A、B、D', 4, 88, 0, 0, 0, 0, 0, 0, 0, 0, 0, 0, 0, 'BCFG', 4, 5, 2019);
INSERT INTO `constru_property` VALUES ('300649', '杭州园林', 1275656938.58, 21, 1999, 317, 0.649775, 0.632101, 0.970156, 0.062385, 30418186.45, 0.0377, 46, 10, 10, 209, 0, 0, 1, 0, 0, 1, 11, 30, 1, 7, 4, NULL, 1, 1, 1, 1, 0, 0, 1, 'ABD', 44, 101, 0, 0, 0, 0, 0, 0, 0, 0, 0, 0, 0, 'BCFG', 4, 3, 2020);
INSERT INTO `constru_property` VALUES ('300649', '杭州园林', 1410723654.43, 21, 2001, 298, 0.623651, 0.530595, -1.529897, 0.043639, 25528455.42, 0.0341, 47, 10, 8, 22, 3, 0, 1, 0, 0, 0, 10, 38, 0, 7, 5, NULL, 1, 1, 1, 1, 0, 0, 1, 'ABD', 4, 62, 0, 0, 0, 0, 0, 0, 0, 0, 0, 0, 0, 'BCFG', 4, 3, 2021);
INSERT INTO `constru_property` VALUES ('300712', '永福股份', 2359506051.2, 19, 2000, 963, 0.576749, 0.610456, 2.062032, 0.051426, 30226859.02, 2.1, 141, 0, 11, 110, 175, 0, 3, 5, 2, 5, 16, 79, 39, 102, 7, 1, 1, 1, 1, 1, 1, 1, 1, 'A、B、C、D', 23, 191, 0, 0, 0, 0, 0, 0, 0, 0, 0, 0, 0, 'BCD', 3, 7, 2019);
INSERT INTO `constru_property` VALUES ('300712', '永福股份（数字化能源典型）', 2188400108.39, 20, 2000, 1138, 0.525376, 0.448016, 1.415225, 0.048565, 38466243.36, 0.0392, 154, 0, 106, 127, 0, 0, 3, 5, 2, 5, 16, 78, 44, 66, 7, NULL, 1, 1, 1, 1, 1, 1, 1, 'ABCD', 23, 191, 0, 0, 0, 0, 0, 0, 0, 0, 0, 0, 0, 'BCD', 3, 4, 2020);
INSERT INTO `constru_property` VALUES ('300712', '永福股份', 3026063113.49, 28, 1994, 1264, 0.613831, 0.518138, 6.683686, 0.018788, 55597471.77, 0.0355, 341, 24, 41, 58, 2, 0, 2, 0, 0, 10, 19, 123, 45, 120, 7, NULL, 1, 1, 1, 1, 1, 1, 1, 'ABCD', 29, 178, 0, 0, 0, 0, 0, 1, 0, 0, 0, 0, 0, 'BCD', 3, 4, 2021);
INSERT INTO `constru_property` VALUES ('300948', '冠中生态', 701656679.29, 36, 1984, 259, 0.334311, 0.41621, -0.081526, 0.217411, 14569695.62, 0.0499, 37, 11, 28, 21, 0, 0, 0, 2, 0, 1, 0, 0, 0, 0, 4, NULL, 1, 1, 1, 0, 0, 0, 0, 'ABCD', 51, 138, 0, 0, 0, 0, 0, 0, 0, 0, 0, 0, 0, 'ABCEFG', 6, 4, 2020);
INSERT INTO `constru_property` VALUES ('300948', '冠中生态', 1097137162.85, 22, 2000, 335, 0.274944, 0.366435, 0.532642, 0.194328, 14635471.45, 0.0364, 60, 18, 39, 22, 4, 0, 4, 0, 2, 2, 3, 46, 14, 4, 4, NULL, 1, 1, 1, 0, 0, 1, 0, 'ABCD', 16, 112, 0, 0, 0, 0, 0, 0, 0, 0, 0, 0, 0, 'ABCEFG', 6, 4, 2021);
INSERT INTO `constru_property` VALUES ('300949', '奥雅设计', 669512075.41, 27, 1993, 1437, 0.388559, 0.734029, 0, 0.208911, 21957133.58, 0.0447, 195, 200, 173, 306, 298, 0, 0, 4, 0, 0, 0, 0, 0, 0, 9, NULL, 1, 1, 1, 1, 1, 1, 1, 'ABCD', 42, 168, 0, 0, 0, 0, 0, 0, 0, 0, 0, 0, 0, 'BCD', 3, 4, 2020);
INSERT INTO `constru_property` VALUES ('300949', '奥雅股份', 1461271372.48, 21, 2001, 1750, 0.178909, 0.418644, -0.127804, 0.123056, 27145152.01, 0.0444, 197, 24, 273, 75, 67, 0, 1, 1, 8, 2, 7, 70, 11, 86, 9, NULL, 1, 1, 1, 1, 1, 1, 1, 'ABCD', 20, 196, 0, 0, 0, 0, 0, 0, 0, 0, 0, 0, 0, 'BCD', 3, 4, 2021);
INSERT INTO `constru_property` VALUES ('300982', '苏文电能', 2427006076.92, 15, 2007, 810, 0.400109, 0.764695, 0.274626, 0.16228, 64856852.58, 0.0349, 257, 25, 100, 30, 1, 1, 0, 1, 0, 5, 6, 86, 25, 35, 6, NULL, 1, 1, 1, 0, 0, 1, 1, 'ABCD', 7, 95, 1, 0, 0, 1, 0, 2, 0, 0, 0, 0, 0, 'BCD', 3, 4, 2021);
INSERT INTO `constru_property` VALUES ('301046', '能辉科技', 1308171029.3, 13, 2009, 188, 0.398426, 0.453065, 0.239966, 0.174942, 18378788.45, 0.031, 43, 4, 120, 9, 0, 1, 3, 1, 0, 9, 4, 74, 15, 40, 6, NULL, 1, 1, 1, 1, 0, 1, 1, 'ABCD', 4, 159, 0, 0, 0, 2, 0, 0, 0, 0, 0, 0, 0, 'BCD', 3, 4, 2021);
INSERT INTO `constru_property` VALUES ('301098', '金埔园林', 2534390694.58, 20, 2001, 461, 0.5876, 0.378165, -0.51916, 0.088944, 8706547.91, 0.0091, 76, 8, 9, 24, 0, 0, 5, 0, 0, 1, 0, 30, 1, 8, 5, NULL, 1, 1, 0, 0, 0, 1, 0, 'ABCD', 0, 5, 0, 0, 0, 0, 0, 0, 0, 0, 1, 0, 0, 'AFG', 3, 4, 2021);
INSERT INTO `constru_property` VALUES ('600039', '四川路桥', 113223745414.34, 19, 2001, 12642, 0.781285, 0.539374, 0.750725, 0.049869, 1684970208.6, 0.0276, 2186, 0, 46, 371, 5, 0, 0, 4, 0, 1, 0, 0, 0, 0, 6, NULL, 1, 1, 1, 0, 0, 0, 1, 'ABD', 29, 103, 0, 0, 0, 0, 0, 0, 0, 0, 0, 0, 0, 'ABCEFG', 6, 3, 2020);
INSERT INTO `constru_property` VALUES ('600039', '四川路桥', 137038473802.04, 20, 2001, 13763, 0.777199, 0.620618, 0.965518, 0.066952, 2855367237.18, 0.0336, 2311, 7, 126, 356, 15, 3, 4, 1, 27, 5, 17, 41, 4, 17, 5, NULL, 1, 1, 1, 1, 0, 1, 1, 'ABCD', 5, 11, 0, 0, 1, 3, 0, 0, 0, 0, 5, 0, 0, 'AFG', 3, 4, 2021);
INSERT INTO `constru_property` VALUES ('600133', '东湖高新', 26643893730.67, 25, 1994, 2487, 0.776981, 0.353672, -0.171564, 0.025832, 65404528.49, 0.69, 321, 0, 70, 215, 2, 0, 0, 0, 0, 4, 0, 70, 2, 5, 3, 1, 1, 1, 1, 1, 1, 0, 0, 'A、B、C、D', 17, 200, 0, 0, 0, 0, 0, 0, 0, 0, 0, 0, 0, 'ABCEFG', 6, 7, 2019);
INSERT INTO `constru_property` VALUES ('600133', '东湖高新', 27178372195.78, 26, 1994, 2594, 0.740357, 0.389786, 2.170394, 0.071925, 107884733, 0.0102, 385, 0, 39, 201, 6, 0, 0, 0, 0, 4, 0, 99, 2, 8, 3, NULL, 1, 1, 1, 1, 1, 1, 0, 'ABCD', 17, 200, 0, 0, 0, 0, 0, 0, 0, 0, 0, 0, 0, 'ABCEFG', 6, 4, 2020);
INSERT INTO `constru_property` VALUES ('600133', '东湖高新', 28906726525.24, 27, 1994, 3026, 0.71498, 0.419969, 2.506922, 0.057934, 118463924.1, 0.0098, 591, 75, 8, 33, 20, 0, 5, 2, 75, 4, 0, 120, 5, 54, 3, NULL, 1, 1, 1, 1, 1, 1, 1, 'ABCD', 27, 39, 0, 0, 0, 0, 0, 0, 0, 0, 6, 0, 0, 'ACFG', 4, 4, 2021);
INSERT INTO `constru_property` VALUES ('600170', '上海建工', 257280896509.1, 17, 2002, 42762, 0.859403, 0.798725, 0.56931, 0.020985, 6219718567.98, 3.03, 8262, 0, 0, 3639, 0, 0, 4, 6, 0, 0, 0, 41, 1, 9, 11, 1, 1, 1, 1, 1, 0, 0, 1, 'A、B、C、D', 29, 186, 0, 0, 0, 0, 0, 0, 0, 0, 0, 0, 0, 'ABCDEFG', 7, 7, 2019);
INSERT INTO `constru_property` VALUES ('600170', '上海建工', 321356733551.09, 18, 2002, 48609, 0.863396, 0.719846, -0.2055, 0.01393, 8114047327.6, 0.0351, 8826, 0, 179, 4543, 12, 0, 4, 6, 0, 0, 0, 39, 4, 28, 11, NULL, 1, 1, 1, 1, 1, 1, 1, 'ABCD', 29, 186, 0, 0, 0, 0, 0, 0, 0, 0, 0, 0, 0, 'ABCDEFG', 7, 4, 2020);
INSERT INTO `constru_property` VALUES ('600170', '上海建工', 353765891761.73, 19, 2002, 51369, 0.854234, 0.794467, -0.423112, 0.014403, 9892811527.29, 0.0352, 9930, 196, 276, 898, 5, 1, 42, 6, 0, 3, 0, 40, 5, 35, 11, NULL, 1, 1, 1, 1, 1, 1, 1, 'ABCD', 9, 17, 2, 0, 2, 9, 1, 0, 0, 0, 3, 0, 0, 'ABCDEFG', 7, 4, 2021);
INSERT INTO `constru_property` VALUES ('600248', '陕西建工', 8410737494.63, 18, 2001, 4684, 0.648097, 0.959245, 0.302352, 0.03665, 343464079.67, 4.26, 1095, 0, 171, 301, 5, 0, 4, 1, 0, 4, 7, 33, 2, 8, 6, 1, 1, 1, 1, 1, 0, 1, 1, 'A、B、C、D', 7, 59, 0, 0, 0, 0, 0, 0, 0, 0, 0, 0, 0, 'ABCEFG', 6, 7, 2019);
INSERT INTO `constru_property` VALUES ('600248', '陕西建工', 181965273972.71, 19, 2001, 31708, 0.905072, 0.701909, 0, 0.023169, 589477442.47, 0.0046, 2382, 0, 235, 1220, 4, 0, 4, 1, 0, 4, 7, 35, 5, 10, 6, NULL, 1, 1, 1, 1, 1, 1, 1, 'ABCD', 57, 165, 0, 0, 0, 0, 0, 0, 0, 0, 0, 0, 0, 'ABCEFG', 6, 4, 2020);
INSERT INTO `constru_property` VALUES ('600248', '陕西建工', 229254478324.11, 20, 2001, 31856, 0.899024, 0.695637, -0.920353, 0.022712, 848871774.01, 0.0053, 2356, 13, 245, 370, 14, 1, 17, 3, 5, 1, 1, 26, 7, 19, 6, NULL, 1, 1, 1, 1, 1, 1, 1, 'ABCD', 32, 20, 1, 0, 6, 1, 0, 0, 0, 10, 1, 0, 0, 'ACFG', 4, 4, 2021);
INSERT INTO `constru_property` VALUES ('600284', '浦东建设', 14484707880.46, 23, 1996, 566, 0.563096, 0.429392, 0.690471, 0.066301, 235890971.67, 3.79, 194, 0, 18, 384, 0, 0, 0, 4, 0, 2, 0, 17, 0, 15, 6, 0, 1, 1, 1, 1, 0, 0, 1, 'A、B、C、D', 8, 67, 0, 0, 0, 0, 0, 0, 0, 0, 0, 0, 0, 'ABCEFG', 6, 7, 2019);
INSERT INTO `constru_property` VALUES ('600284', '浦东建设', 16683451785.23, 24, 1996, 699, 0.601776, 0.502083, 1.657737, 0.054394, 277893759.54, 0.0332, 234, 0, 0, 83, 0, 0, 0, 4, 0, 2, 0, 0, 0, 0, 6, NULL, 1, 1, 1, 1, 0, 0, 1, 'ABCD', 14, 96, 0, 0, 0, 0, 0, 0, 0, 0, 0, 0, 0, 'ABCEFG', 6, 4, 2020);
INSERT INTO `constru_property` VALUES ('600284', '浦东建设', 21545858745.81, 25, 1996, 790, 0.679675, 0.528862, 0.888019, 0.047214, 385562398.63, 0.0338, 190, 15, 40, 33, 1, 0, 3, 1, 0, 1, 3, 23, 1, 20, 6, NULL, 1, 1, 1, 1, 1, 1, 1, 'ABCD', 13, 21, 0, 0, 0, 0, 0, 0, 0, 0, 1, 0, 0, 'ABCFG', 5, 4, 2021);
INSERT INTO `constru_property` VALUES ('600477', '杭萧钢构', 8782703984.22, 24, 1995, 5502, 0.582089, 0.755242, 0.679951, 0.072388, 252394354.38, 3.81, 877, 0, 0, 104, 3, 0, 0, 0, 0, 9, 8, 60, 1, 5, 7, 1, 1, 1, 1, 1, 0, 1, 1, 'A、B、C、D', 12, 146, 0, 0, 0, 0, 0, 0, 0, 0, 0, 0, 0, 'ABCD', 4, 7, 2019);
INSERT INTO `constru_property` VALUES ('600477', '杭萧钢构', 8964703841.12, 25, 1995, 5031, 0.526756, 0.907867, -0.567975, 0.092352, 342120572.63, 0.042, 588, 0, 69, 114, 0, 0, 0, 0, 0, 9, 8, 70, 7, 29, 7, NULL, 1, 1, 1, 1, 1, 1, 1, 'ABCD', 12, 146, 3, 0, 1, 0, 0, 0, 0, 0, 0, 0, 0, 'ABCD', 4, 4, 2020);
INSERT INTO `constru_property` VALUES ('600477', '杭萧钢构', 11754105425.54, 26, 1995, 5905, 0.60568, 0.814852, -0.719299, 0.051007, 407480861.57, 0.0425, 820, 12, 82, 42, 0, 1, 3, 2, 12, 2, 0, 56, 7, 15, 5, NULL, 1, 1, 1, 1, 1, 1, 1, 'ABCD', 22, 18, 12, 0, 37, 0, 0, 0, 0, 0, 2, 0, 0, 'ABCDFG', 6, 4, 2021);
INSERT INTO `constru_property` VALUES ('600491', '龙元建设', 59445281114.25, 31, 1988, 5116, 0.802801, 0.360451, 1.331239, 0.048225, 73445089.16, 0.34, 274, 0, 87, 477, 2, 0, 0, 3, 0, 6, 0, 48, 8, 10, 3, 1, 1, 1, 1, 1, 0, 1, 1, 'A、B、C、D', 23, 111, 0, 0, 0, 0, 0, 0, 0, 0, 0, 0, 0, 'BCFG', 4, 7, 2019);
INSERT INTO `constru_property` VALUES ('600491', '龙元建设', 62537525101.18, 32, 1988, 5035, 0.799831, 0.284416, 0.300019, 0.046829, 74792080.36, 0.0042, 381, 0, 39, 486, 0, 0, 0, 3, 0, 6, 0, 39, 4, 12, 3, NULL, 1, 1, 1, 1, 0, 1, 1, 'ABCD', 23, 111, 0, 0, 0, 0, 0, 1, 0, 0, 0, 0, 0, 'BCFG', 4, 4, 2020);
INSERT INTO `constru_property` VALUES ('600491', '龙元建设', 67027801818.87, 33, 1988, 5013, 0.803519, 0.291637, -0.579543, 0.035215, 122540199.64, 0.0063, 491, 30, 54, 39, 3, 0, 1, 2, 0, 2, 1, 36, 3, 9, 3, NULL, 1, 1, 1, 1, 0, 1, 1, 'ABCD', 13, 17, 0, 0, 3, 0, 0, 0, 46, 0, 2, 0, 0, 'ACFG', 4, 4, 2021);
INSERT INTO `constru_property` VALUES ('600496', '精工钢构', 13765301183.43, 24, 1995, 6487, 0.616216, 0.743569, -0.253236, 0.039079, 402491733.51, 3.93, 1102, 0, 0, 128, 207, 2, 12, 5, 0, 0, 0, 34, 13, 14, 5, 1, 1, 1, 1, 1, 0, 1, 1, 'A、B、C、D', 17, 107, 0, 0, 0, 0, 0, 0, 0, 0, 0, 0, 0, 'ABCEFG', 6, 7, 2019);
INSERT INTO `constru_property` VALUES ('600496', '精工钢构', 15807684395.29, 25, 1995, 6836, 0.567217, 0.726483, -0.269155, 0.056187, 442676227.23, 0.0385, 1106, 0, 115, 131, 6, 0, 12, 5, 0, 0, 0, 34, 19, 27, 5, NULL, 1, 1, 1, 1, 1, 1, 1, 'ABCD', 17, 107, 5, 0, 1, 0, 0, 0, 0, 0, 0, 0, 0, 'ABCEFG', 6, 4, 2020);
INSERT INTO `constru_property` VALUES ('600496', '精工钢构', 18356609300.85, 26, 1995, 7115, 0.588377, 0.824845, -0.38344, 0.046191, 555237274.42, 0.0367, 1239, 27, 35, 55, 1, 1, 14, 2, 3, 8, 2, 43, 9, 64, 5, NULL, 1, 1, 1, 1, 1, 1, 1, 'ABCD', 34, 20, 43, 0, 8, 2, 0, 0, 0, 356, 8, 0, 0, 'ABCDFG', 6, 4, 2021);
INSERT INTO `constru_property` VALUES ('600502', '安徽建工', 90435503647.1, 21, 1998, 16585, 0.841543, 0.522644, -0.127386, 0.016008, 426243421.26, 0.9, 1985, 0, 470, 0, 39, 1, 17, 0, 0, 43, 0, 35, 9, 17, 4, 1, 1, 1, 1, 1, 0, 1, 1, 'A、B、C、D', 17, 135, 0, 0, 0, 0, 0, 0, 0, 0, 0, 0, 0, 'ABCEFG', 6, 7, 2019);
INSERT INTO `constru_property` VALUES ('600502', '安徽建工', 105806669990.16, 22, 1998, 18207, 0.836102, 0.538458, 0.80135, 0.021301, 704109408.55, 0.0124, 2084, 0, 74, 0, 0, 0, 17, 0, 0, 43, 0, 25, 7, 13, 4, NULL, 1, 1, 1, 1, 1, 1, 1, 'ABCD', 17, 135, 0, 0, 3, 0, 0, 0, 0, 0, 0, 0, 0, 'ABCEFG', 6, 4, 2020);
INSERT INTO `constru_property` VALUES ('600502', '安徽建工', 126875679293.43, 23, 1998, 17010, 0.845149, 0.562282, -0.303714, 0.01981, 1199532010.37, 0.0168, 1926, 11, 299, 280, 1, 1, 12, 2, 11, 8, 6, 26, 8, 14, 7, NULL, 1, 1, 1, 1, 1, 1, 1, 'ABCD', 24, 27, 3, 0, 8, 0, 0, 0, 0, 0, 8, 0, 0, 'ACFG', 4, 4, 2021);
INSERT INTO `constru_property` VALUES ('600512', '腾达建设', 10244697333.01, 15, 2004, 3357, 0.551514, 0.426363, -1.556998, 0.154811, 173952648.07, 3.98, 147, 0, 21, 0, 4, 1, 8, 0, 15, 1, 0, 25, 1, 1, 6, 1, 1, 1, 1, 1, 0, 1, 1, 'A、B、C、D', 15, 94, 0, 0, 0, 0, 0, 0, 0, 0, 0, 0, 0, 'ABCEFG', 6, 7, 2019);
INSERT INTO `constru_property` VALUES ('600512', '腾达建设', 10925433578.67, 16, 2004, 3379, 0.526778, 0.540337, -0.580903, 0.097346, 214763150.62, 0.0364, 307, 0, 59, 0, 0, 0, 8, 0, 15, 1, 0, 26, 0, 2, 6, NULL, 1, 1, 1, 1, 1, 1, 1, 'ABCD', 15, 94, 0, 0, 0, 0, 0, 0, 0, 0, 0, 0, 0, 'ABCEFG', 6, 4, 2020);
INSERT INTO `constru_property` VALUES ('600512', '腾达建设', 11562696187.26, 17, 2004, 3408, 0.488118, 0.598922, -0.804024, 0.119055, 248735943.78, 0.0359, 430, 7, 68, 18, 3, 0, 7, 1, 7, 3, 2, 23, 2, 3, 4, NULL, 1, 1, 1, 1, 1, 1, 1, 'ABCD', 8, 15, 0, 0, 0, 0, 0, 0, 0, 0, 3, 0, 0, 'ACEFG', 5, 4, 2021);
INSERT INTO `constru_property` VALUES ('600820', '隧道股份', 90416847277.08, 23, 1996, 11060, 0.741954, 0.482473, 0.503898, 0.049997, 1783300882.8, 4.09, 2260, 0, 91, 1447, 0, 2, 25, 3, 0, 2, 0, 29, 3, 17, 3, 1, 1, 1, 1, 1, 0, 1, 1, 'A、B、C、D', 5, 109, 0, 0, 0, 0, 0, 0, 0, 0, 0, 0, 0, 'ABCDEFG', 7, 7, 2019);
INSERT INTO `constru_property` VALUES ('600820', '隧道股份', 109386082835.45, 24, 1996, 15056, 0.769496, 0.493721, 0.49147, 0.042713, 2129830669.9, 0.0394, 2287, 0, 333, 1722, 0, 0, 25, 3, 0, 2, 0, 31, 1, 19, 3, NULL, 1, 1, 1, 1, 0, 1, 1, 'ABCD', 31, 116, 0, 0, 0, 0, 0, 0, 0, 0, 0, 0, 0, 'ABCDEFG', 7, 4, 2020);
INSERT INTO `constru_property` VALUES ('600820', '隧道股份', 129757181000.89, 25, 1996, 15765, 0.773676, 0.479558, 0.778808, 0.039, 2437244738.21, 0.0392, 2489, 22, 90, 892, 7, 3, 15, 2, 8, 9, 0, 30, 3, 22, 9, NULL, 1, 1, 1, 1, 1, 1, 1, 'ABCD', 18, 14, 0, 0, 0, 1, 0, 0, 0, 0, 9, 0, 0, 'ABCEFG', 6, 4, 2021);
INSERT INTO `constru_property` VALUES ('600853', '龙建股份', 19743796397.02, 20, 1999, 5671, 0.888649, 0.562525, 0.759661, 0.020355, 13151138.49, 0.12, 709, 0, 24, 86, 2, 1, 6, 2, 0, 3, 0, 28, 0, 1, 4, 1, 1, 1, 1, 1, 0, 0, 1, 'A、B、D', 2, 65, 0, 0, 0, 0, 0, 0, 0, 0, 0, 0, 0, 'AEFG', 4, 5, 2019);
INSERT INTO `constru_property` VALUES ('600853', '龙建股份', 23446262778.74, 21, 1999, 5786, 0.858586, 0.504875, -0.089177, 0.018821, 170548305.64, 0.0144, 781, 0, 78, 86, 1, 0, 6, 2, 0, 3, 0, 28, 0, 4, 4, NULL, 1, 1, 1, 1, 0, 0, 1, 'ABD', 34, 65, 0, 0, 0, 0, 0, 0, 0, 0, 1, 0, 0, 'AEFG', 4, 3, 2020);
INSERT INTO `constru_property` VALUES ('600853', '龙建股份', 26620643935.49, 22, 1999, 5926, 0.848524, 0.570923, -0.023977, 0.021028, 620757061.3, 0.0408, 1035, 48, 164, 18, 1, 0, 5, 2, 2, 5, 1, 29, 0, 8, 8, NULL, 1, 1, 1, 1, 1, 1, 1, 'ABCD', 20, 16, 0, 0, 0, 0, 0, 0, 0, 0, 5, 0, 0, 'ACFG', 4, 4, 2021);
INSERT INTO `constru_property` VALUES ('600939', '重庆建工', 71844640260.56, 18, 2001, 15908, 0.855176, 0.725294, 1.632188, 0.012084, 54518288.4, 0.1, 1720, 0, 857, 0, 94, 1, 1, 0, 0, 2, 0, 24, 7, 15, 6, 0, 1, 0, 1, 1, 0, 0, 0, 'AB', 83, 104, 0, 0, 0, 0, 0, 0, 0, 0, 1, 0, 0, 'AB', 2, 2, 2019);
INSERT INTO `constru_property` VALUES ('600939', '重庆建工', 73546637815.19, 19, 2001, 15774, 0.865483, 0.751825, -0.237905, 0.006774, 74884345.31, 0.0014, 1999, 0, 213, 0, 0, 0, 1, 0, 0, 2, 0, 34, 6, 15, 6, NULL, 1, 0, 1, 1, 0, 1, 0, 'AB', 83, 104, 0, 0, 0, 0, 0, 0, 0, 0, 0, 0, 0, 'AB', 2, 2, 2020);
INSERT INTO `constru_property` VALUES ('600939', '重庆建工', 78003987914.52, 20, 2001, 15157, 0.861717, 0.741102, -1.481032, 0.004938, 90987323.15, 0.0016, 2456, 13, 212, 281, 2, 1, 15, 3, 0, 11, 3, 35, 4, 13, 6, NULL, 1, 1, 1, 1, 1, 1, 1, 'ABCD', 18, 18, 0, 0, 1, 2, 0, 0, 0, 0, 11, 0, 0, 'ABCEFG', 6, 4, 2021);
INSERT INTO `constru_property` VALUES ('600970', '中材国际', 32906984549.82, 15, 2004, 7794, 0.676544, 0.740706, 0.079319, 0.065358, 610233395.43, 2.5, 1642, 0, 559, 758, 500, 1, 15, 0, 0, 1, 0, 25, 8, 22, 5, 1, 1, 1, 1, 1, 0, 1, 1, 'A', 70, 143, 0, 0, 0, 0, 0, 0, 0, 0, 0, 0, 0, 'ACD', 3, 1, 2019);
INSERT INTO `constru_property` VALUES ('600970', '中材国际', 34212176941.01, 16, 2004, 9251, 0.671496, 0.657425, -0.803847, 0.049716, 608636167, 0.0271, 1734, 0, 897, 962, 0, 0, 15, 0, 0, 1, 0, 30, 7, 36, 5, NULL, 1, 1, 1, 1, 1, 1, 1, 'A', 70, 143, 0, 0, 0, 0, 0, 0, 0, 0, 0, 0, 0, 'ACD', 3, 1, 2020);
INSERT INTO `constru_property` VALUES ('600970', '中材国际', 41477799872.51, 17, 2004, 12895, 0.672132, 0.873771, -0.539445, 0.056091, 1165663696.63, 0.0322, 2293, 59, 173, 555, 1, 5, 10, 3, 0, 12, 0, 41, 15, 43, 6, NULL, 1, 1, 1, 1, 1, 1, 1, 'ABCD', 25, 19, 0, 0, 0, 0, 1, 0, 0, 0, 12, 0, 0, 'ABCFG', 5, 4, 2021);
INSERT INTO `constru_property` VALUES ('601068', '中铝国际', 55999463120.62, 18, 2001, 14685, 0.72508, 0.554644, -0.001119, 0.007164, 861011792.65, 2.77, 2482, 0, 176, 1319, 2, 24, 24, 0, 0, 0, 0, 59, 11, 3, 5, 1, 1, 1, 1, 1, 0, 1, 1, 'A', 128, 187, 0, 0, 0, 0, 0, 0, 0, 0, 0, 0, 0, 'BC', 2, 1, 2019);
INSERT INTO `constru_property` VALUES ('601068', '中铝国际', 54514024346.55, 19, 2001, 14633, 0.713158, 0.422386, 0, -0.080622, 642883384.74, 0.0279, 2286, 0, 222, 1561, 0, 0, 24, 0, 0, 0, 0, 60, 9, 3, 5, NULL, 1, 1, 1, 1, 0, 1, 1, 'A', 128, 187, 0, 0, 0, 0, 0, 0, 0, 0, 0, 0, 0, 'BC', 2, 1, 2020);
INSERT INTO `constru_property` VALUES ('601068', '中铝国际', 58828035316.25, 20, 2001, 12489, 0.719263, 0.396889, -27.539942, -0.036902, 760127246.39, 0.0326, 2584, 108, 313, 672, 2, 11, 21, 1, 0, 6, 0, 58, 10, 9, 4, NULL, 1, 1, 1, 1, 1, 1, 1, 'ABCD', 16, 15, 0, 0, 1, 1, 0, 0, 0, 0, 6, 0, 0, 'ABCDFG', 6, 4, 2021);
INSERT INTO `constru_property` VALUES ('601117', '中国化学', 115865390429.46, 18, 2001, 42681, 0.675556, 0.894329, -0.231062, 0.031724, 3316583027.15, 3.2, 1867, 0, 262, 3506, 4, 6, 31, 0, 0, 1, 0, 28, 4, 4, 9, 1, 1, 1, 1, 1, 0, 1, 1, 'A', 86, 160, 0, 0, 0, 0, 0, 0, 0, 0, 0, 0, 0, 'B', 1, 1, 2019);
INSERT INTO `constru_property` VALUES ('601117', '中国化学', 136008152423.7, 19, 2001, 44173, 0.700577, 0.804779, -0.189876, 0.035102, 3802023536.6, 0.0347, 1959, 47, 434, 3968, 0, 0, 31, 0, 0, 1, 0, 23, 9, 6, 9, NULL, 1, 1, 1, 1, 0, 1, 1, 'A', 86, 160, 0, 0, 0, 0, 0, 0, 0, 0, 0, 0, 0, 'B', 1, 1, 2020);
INSERT INTO `constru_property` VALUES ('601117', '中国化学', 177896043053.71, 20, 2001, 42820, 0.704877, 0.771737, 0.781045, 0.036447, 4738980023.95, 0.0345, 4715, 54, 647, 1320, 6, 13, 18, 3, 0, 4, 0, 0, 0, 0, 9, NULL, 1, 1, 1, 1, 1, 1, 1, 'ABCD', 34, 31, 0, 0, 0, 1, 0, 0, 0, 0, 4, 0, 0, 'ACFG', 4, 4, 2021);
INSERT INTO `constru_property` VALUES ('601186', '中国铁建', 1081239213000, 19, 2000, 293884, 0.757665, 0.768056, 0.028511, 0.027243, 16527801000, 1.99, 31306, 0, 3349, 12147, 22, 0, 0, 1, 0, 1, 0, 39, 4, 8, 9, 1, 1, 1, 1, 1, 0, 1, 1, 'A', 140, 166, 0, 0, 1, 0, 0, 0, 0, 0, 0, 0, 0, 'CD', 2, 1, 2019);
INSERT INTO `constru_property` VALUES ('601186', '中国铁建', 12427927990, 22, 2000, 286242, 0.747634, 0.732483, 0.280318, 0.028241, 18605952000, 0.0204, 30076, 0, 0, 13152, 0, 3, 0, 1, 0, 1, 0, 41, 6, 11, 9, NULL, 1, 1, 1, 1, 1, 1, 1, 'A', 140, 166, 3, 0, 1, 0, 0, 0, 0, 14, 7, 0, 0, 'CD', 2, 1, 2020);
INSERT INTO `constru_property` VALUES ('601186', '中国铁建', 1352970006000, 21, 2000, 267760, 0.743902, 0.753905, 0.280463, 0.02874, 20253956000, 0.0199, 28665, 178, 723, 7718, 14, 23, 129, 3, 42, 9, 5, 45, 9, 16, 9, NULL, 1, 1, 1, 1, 1, 1, 1, 'ABCD', 14, 16, 11, 0, 8, 2, 1, 0, 0, 0, 9, 0, 0, 'ABCDEFG', 7, 4, 2021);
INSERT INTO `constru_property` VALUES ('601226', '华电重工', 9167741433.72, 18, 2001, 2454, 0.601414, 0.782709, -0.135442, 0.011639, 280700000, 3.91, 355, 0, 103, 203, 35, 1, 4, 0, 9, 2, 0, 49, 27, 28, 6, 1, 0, 1, 1, 1, 0, 1, 1, 'ABC', 45, 278, 1, 0, 0, 0, 0, 0, 0, 0, 0, 0, 0, 'ABC', 3, 3, 2019);
INSERT INTO `constru_property` VALUES ('601226', '华电重工', 8781329714.32, 19, 2001, 2050, 0.575315, 1.014245, 0.188544, 0.010978, 341127099.34, 0.0383, 372, 5, 194, 205, 0, 0, 4, 0, 9, 2, 0, 49, 21, 35, 6, NULL, 0, 1, 1, 1, 1, 1, 1, 'ABC', 45, 278, 1, 0, 0, 0, 0, 0, 0, 0, 0, 0, 0, 'ABC', 3, 3, 2020);
INSERT INTO `constru_property` VALUES ('601226', '华电重工', 10665487229.91, 20, 2001, 2005, 0.623033, 0.968453, 1.020277, 0.029423, 383293986.57, 0.0371, 370, 5, 206, 125, 4, 4, 3, 3, 9, 9, 5, 65, 42, 79, 6, NULL, 1, 1, 1, 1, 1, 1, 1, 'ABCD', 33, 107, 1, 0, 0, 1, 0, 0, 0, 0, 9, 0, 0, 'ABCFG', 5, 4, 2021);
INSERT INTO `constru_property` VALUES ('601390', '中国中铁', 1056185927000, 19, 2000, 285405, 0.767584, 0.803306, 0.585832, 0.029912, 16521349000, 1.95, 26893, 0, 12707, 10567, 59, 3, 109, 0, 0, 0, 0, 42, 4, 5, 8, 1, 1, 1, 1, 1, 0, 1, 1, 'A', 147, 216, 0, 0, 0, 0, 0, 0, 0, 0, 0, 0, 0, 'ACD', 3, 1, 2019);
INSERT INTO `constru_property` VALUES ('601390', '中国中铁', 1200122108000, 20, 2000, 288729, 0.739031, 0.809422, 0.12065, 0.028052, 21874151000, 0.0225, 27017, 0, 4933, 11969, 7, 3, 109, 0, 0, 0, 0, 45, 3, 15, 8, NULL, 1, 1, 1, 1, 0, 1, 1, 'A', 147, 216, 0, 0, 0, 0, 0, 0, 0, 0, 0, 0, 0, 'ACD', 3, 1, 2020);
INSERT INTO `constru_property` VALUES ('601390', '中国中铁', 1361726183000, 21, 2000, 294013, 0.736847, 0.786074, 0.03253, 0.028465, 24798156, 0.0232, 27168, 154, 1286, 4235, 16, 23, 196, 3, 0, 9, 0, 52, 8, 16, 8, NULL, 1, 1, 1, 1, 1, 1, 1, 'ABCD', 30, 33, 9, 0, 6, 8, 1, 0, 0, 0, 9, 1, 1, 'ABCDEFG', 7, 4, 2021);
INSERT INTO `constru_property` VALUES ('601611', '中国核建', 124459900492.35, 18, 2001, 33617, 0.840543, 0.510956, -0.282115, 0.022358, 807979000.81, 1.27, 4343, 0, 1253, 0, 1, 0, 0, 0, 0, 1, 0, 44, 9, 4, 3, 1, 0, 0, 1, 1, 0, 1, 1, 'ABD', 12, 87, 1, 0, 0, 0, 0, 0, 0, 0, 0, 0, 0, 'A', 1, 3, 2019);
INSERT INTO `constru_property` VALUES ('601611', '中国核建', 145769262289.49, 19, 2001, 37216, 0.822966, 0.499423, -0.166285, 0.02407, 956764401.44, 0.0131, 5027, 0, 292, 794, 0, 0, 0, 0, 0, 1, 0, 48, 6, 7, 3, NULL, 0, 0, 1, 1, 0, 1, 1, 'ABD', 12, 87, 1, 0, 0, 0, 0, 0, 0, 0, 0, 0, 0, 'A', 1, 3, 2020);
INSERT INTO `constru_property` VALUES ('601611', '中国核建', 171743054622.33, 20, 2001, 41153, 0.825774, 0.487472, 0.07764, 0.026258, 1381032273.5, 0.0165, 8403, 40, 267, 192, 1, 2, 7, 3, 0, 6, 0, 36, 2, 11, 9, NULL, 1, 1, 1, 1, 1, 1, 1, 'ABCD', 11, 14, 0, 0, 0, 0, 0, 0, 0, 0, 6, 0, 0, 'ABCFG', 5, 4, 2021);
INSERT INTO `constru_property` VALUES ('601618', '中国中冶', 458506213000, 12, 2007, 98566, 0.74503, 0.738567, 1.302344, 0.022374, 9981012000, 2.95, 0, 25, 29700, 11714, 36, 0, 28, 1, 0, 0, 0, 81, 10, 20, 8, 1, 1, 0, 0, 1, 0, 1, 1, 'A', 137, 206, 1, 0, 0, 0, 0, 0, 0, 1, 0, 0, 0, 'B', 1, 1, 2019);
INSERT INTO `constru_property` VALUES ('601618', '中国中冶', 506392963000, 13, 2007, 101020, 0.722833, 0.790127, 1.154876, 0.023449, 12374478000, 0.0309, 0, 0, 33000, 12757, 18, 1, 28, 1, 0, 0, 0, 80, 16, 25, 8, NULL, 1, 0, 0, 1, 0, 1, 1, 'A', 137, 206, 1, 0, 0, 0, 0, 0, 0, 1, 0, 0, 0, 'B', 1, 1, 2020);
INSERT INTO `constru_property` VALUES ('601618', '中国中冶', 543470147000, 14, 2007, 97972, 0.721442, 0.921066, 0.58681, 0.023188, 15930468000, 0.0318, 5667, 136, 8000, 2538, 59, 27, 16, 4, 0, 7, 0, 88, 18, 44, 8, NULL, 1, 1, 1, 1, 1, 1, 1, 'ABCD', 23, 39, 7, 0, 0, 5, 0, 0, 0, 0, 7, 0, 0, 'ABCDFG', 6, 4, 2021);
INSERT INTO `constru_property` VALUES ('601668', '中国建筑', 2034451929000, 21, 1998, 335038, 0.753331, 0.697896, 0.608383, 0.044516, 21871783000, 1.5, 15780, 0, 0, 22772, 451, 0, 39, 2, 6, 3, 0, 54, 6, 30, 5, 1, 1, 1, 1, 1, 0, 1, 1, 'AB', 20, 106, 4, 0, 2, 0, 0, 1, 0, 0, 1, 0, 0, 'CD', 2, 2, 2019);
INSERT INTO `constru_property` VALUES ('601668', '中国建筑', 2192173839000, 22, 1998, 356864, 0.736748, 0.736722, 0.695889, 0.043931, 29391759000, 0.018, 21845, 0, 8951, 26973, 75, 2, 39, 2, 6, 3, 0, 53, 11, 44, 5, NULL, 1, 1, 1, 1, 0, 1, 1, 'AB', 20, 106, 4, 0, 2, 0, 4, 4, 0, 2, 5, 0, 0, 'CD', 2, 2, 2020);
INSERT INTO `constru_property` VALUES ('601668', '中国建筑', 2388249126000, 23, 1998, 368327, 0.732146, 0.791935, 0.412029, 0.041099, 39927384000, 0.021, 29561, 248, 12233, 4617, 17, 14, 136, 4, 16, 17, 0, 54, 7, 44, 6, NULL, 1, 1, 1, 1, 1, 1, 1, 'ABCD', 30, 17, 0, 0, 35, 4, 0, 0, 0, 0, 17, 0, 0, 'ABCDEFG', 7, 4, 2021);
INSERT INTO `constru_property` VALUES ('601669', '中国电建', 813227622329.43, 20, 1999, 132583, 0.762095, 0.427571, 0.019644, 0.030489, 11298446858.78, 3.25, 24856, 0, 1697, 10559, 2, 0, 53, 0, 3, 3, 0, 35, 2, 4, 5, 1, 1, 1, 1, 1, 0, 1, 1, 'ABC', 15, 96, 7, 0, 5, 0, 5, 0, 0, 0, 0, 0, 0, 'BCD', 3, 3, 2019);
INSERT INTO `constru_property` VALUES ('601669', '中国电建', 886543441671.41, 21, 1999, 132125, 0.747436, 0.452522, 0.114446, 0.031746, 15276398564, 0.0381, 24301, 0, 1697, 10701, 0, 0, 53, 0, 3, 3, 0, 30, 4, 11, 5, NULL, 1, 1, 1, 1, 0, 1, 1, 'ABC', 15, 96, 7, 0, 5, 0, 5, 5, 0, 0, 0, 0, 0, 'BCD', 3, 3, 2020);
INSERT INTO `constru_property` VALUES ('601669', '中国电建', 963977369403.59, 22, 1999, 133207, 0.750895, 0.465079, 0.356067, 0.030018, 16096776335.53, 0.0359, 20695, 215, 4532, 3503, 13, 8, 75, 3, 0, 11, 0, 35, 7, 22, 7, NULL, 1, 1, 1, 1, 1, 1, 1, 'ABCD', 29, 13, 5, 0, 2, 11, 0, 0, 0, 0, 11, 0, 0, 'ABCDEFG', 7, 4, 2021);
INSERT INTO `constru_property` VALUES ('601789', '宁波建工', 15768762657.39, 26, 1993, 4593, 0.793742, 1.176721, 1.115078, 0.013679, 234918246.66, 1.27, 433, 0, 76, 100, 5, 0, 3, 0, 0, 1, 0, 28, 3, 8, 3, 0, 1, 1, 1, 1, 0, 1, 0, 'A', 17, 89, 6, 0, 2, 0, 0, 0, 0, 0, 0, 0, 0, 'C', 1, 1, 2019);
INSERT INTO `constru_property` VALUES ('601789', '宁波建工', 18622308037.43, 27, 1993, 5548, 0.796254, 1.063072, 0.862051, 0.015019, 354433583.59, 0.0179, 481, 0, 90, 111, 0, 0, 3, 0, 0, 1, 0, 24, 3, 10, 3, NULL, 1, 1, 1, 1, 0, 1, 0, 'A', 17, 89, 6, 0, 2, 0, 0, 0, 0, 0, 0, 0, 0, 'C', 1, 1, 2020);
INSERT INTO `constru_property` VALUES ('601789', '宁波建工', 20831128531.99, 28, 1993, 5618, 0.796262, 1.023478, 1.05553, 0.020756, 510025014.08, 0.0239, 515, 16, 112, 31, 4, 0, 3, 3, 0, 6, 0, 32, 3, 11, 7, NULL, 1, 1, 1, 1, 1, 1, 1, 'ABCD', 10, 9, 0, 0, 2, 0, 0, 0, 0, 0, 6, 0, 0, 'ABCEFG', 6, 4, 2021);
INSERT INTO `constru_property` VALUES ('601800', '中国交建', 1120399492938, 21, 1998, 124457, 0.73547, 0.495174, 0.585256, 0.038969, 12647047446, 2.28, 0, 0, 2205, 13365, 52, 0, 80, 0, 0, 1, 0, 45, 6, 15, 6, 1, 1, 1, 1, 1, 0, 1, 1, 'AB', 19, 104, 1, 0, 0, 0, 0, 0, 0, 0, 0, 0, 0, 'C', 1, 2, 2019);
INSERT INTO `constru_property` VALUES ('601800', '中国交建', 1304168590053, 22, 1998, 133294, 0.725646, 0.481216, 0.406004, 0.03083, 20154830690, 0.0321, 0, 0, 13697, 13335, 40, 0, 80, 0, 0, 1, 0, 50, 6, 5, 6, NULL, 1, 1, 1, 1, 0, 1, 1, 'AB', 51, 104, 1, 0, 0, 0, 0, 0, 0, 0, 0, 0, 0, 'C', 1, 2, 2020);
INSERT INTO `constru_property` VALUES ('601800', '中国交建', 1390837091747, 23, 1998, 136772, 0.71862, 0.492969, -0.231336, 0.034269, 22820651699, 0.0333, 6825, 289, 6838, 2810, 7, 13, 123, 3, 0, 10, 0, 54, 9, 18, 7, NULL, 1, 1, 1, 1, 1, 1, 1, 'ABCD', 12, 15, 6, 0, 1, 9, 0, 0, 0, 0, 10, 0, 0, 'ABCDEFG', 7, 4, 2021);
INSERT INTO `constru_property` VALUES ('601868', '中国能建', 528862588000, 26, 1995, 115325, 0.716875, 0.609456, 0.483353, 0.029777, 8872047000, 0.0275, 20139, 181, 1893, 6231, 1, 3, 74, 4, 29, 17, 15, 52, 13, 40, 5, NULL, 1, 1, 1, 1, 1, 1, 1, 'ABCD', 16, 17, 8, 0, 1, 9, 1, 0, 0, 0, 17, 0, 0, 'ABCDEFG', 7, 4, 2021);
INSERT INTO `constru_property` VALUES ('603007', 'ST花王', 3727181795.25, 26, 1993, 705, 0.663736, 0.331262, 0.122851, 0.074847, 41258799.82, 3.34, 106, 0, 0, 25, 0, 0, 0, 0, 0, 0, 0, 28, 3, 12, 3, 0, 0, 0, 1, 1, 0, 1, 0, 'AB', 13, 59, 0, 0, 0, 0, 0, 0, 0, 0, 0, 0, 0, 'BCD', 3, 2, 2019);
INSERT INTO `constru_property` VALUES ('603007', 'ST花王', 3677482394.84, 27, 1993, 590, 0.683163, 0.155549, -22.811081, -0.124783, 27816737.05, 0.0486, 120, 0, 0, 16, 0, 0, 0, 0, 0, 0, 0, 35, 8, 7, 3, NULL, 0, 0, 1, 1, 0, 1, 0, 'AB', 13, 59, 0, 0, 0, 0, 0, 0, 0, 0, 0, 0, 0, 'BCD', 3, 2, 2020);
INSERT INTO `constru_property` VALUES ('603007', '花王股份', 2657216404.91, 28, 1993, 432, 0.800195, 0.062555, 0, -3.874359, 26015997.93, 0.1565, 148, 12, 36, 9, 0, 0, 1, 2, 0, 2, 1, 37, 3, 7, 5, NULL, 1, 1, 1, 1, 1, 1, 1, 'ABCD', 11, 7, 0, 0, 0, 0, 0, 0, 0, 0, 2, 0, 0, 'ACFG', 4, 4, 2021);
INSERT INTO `constru_property` VALUES ('603098', '森特股份', 4708805840.99, 26, 1993, 1053, 0.560736, 0.712826, -0.697559, 0.063121, 124759624.89, 3.72, 209, 0, 128, 28, 3, 1, 2, 0, 1, 0, 0, 24, 2, 1, 3, 1, 0, 1, 1, 0, 0, 1, 1, 'A', 22, 195, 0, 0, 0, 0, 0, 0, 0, 0, 0, 0, 0, 'A', 1, 1, 2019);
INSERT INTO `constru_property` VALUES ('603098', '森特股份', 5014554912.99, 27, 1993, 1029, 0.573908, 0.628674, -0.161824, 0.057875, 100064980.5, 0.0317, 195, 139, 185, 42, 1, 0, 2, 0, 1, 0, 0, 28, 4, 2, 3, NULL, 0, 1, 1, 0, 0, 1, 1, 'A', 22, 195, 0, 0, 0, 0, 0, 0, 0, 0, 0, 0, 0, 'A', 1, 1, 2020);
INSERT INTO `constru_property` VALUES ('603098', '森特股份', 5222651648.73, 28, 1993, 1150, 0.487344, 0.601147, -2.885247, 0.009994, 110152517.27, 0.0351, 188, 6, 30, 8, 0, 1, 4, 2, 0, 2, 0, 67, 10, 13, 3, NULL, 1, 1, 1, 1, 1, 1, 1, 'ABCD', 12, 11, 0, 0, 0, 0, 0, 0, 0, 0, 2, 0, 0, 'ACFG', 4, 4, 2021);
INSERT INTO `constru_property` VALUES ('603316', '诚邦股份', 2062668348.94, 12, 2007, 693, 0.574083, 0.439684, -0.402072, 0.034764, 34978408.5, 3.86, 99, 0, 43, 51, 8, 0, 1, 0, 0, 0, 0, 34, 1, 4, 5, 1, 0, 1, 1, 0, 0, 1, 1, 'AB', 14, 94, 0, 0, 0, 0, 0, 0, 0, 0, 0, 0, 0, 'ABC', 3, 2, 2019);
INSERT INTO `constru_property` VALUES ('603316', '诚邦股份', 2421150591.85, 13, 2007, 641, 0.614257, 0.473915, -0.214009, 0.035526, 40820760.99, 0.0356, 70, 22, 54, 43, 6, 0, 1, 0, 0, 0, 0, 27, 1, 5, 5, NULL, 0, 1, 1, 0, 0, 1, 1, 'AB', 14, 94, 0, 0, 0, 0, 0, 0, 0, 0, 0, 0, 0, 'ABC', 3, 2, 2020);
INSERT INTO `constru_property` VALUES ('603316', '诚邦股份', 2965069613.8, 14, 2007, 551, 0.684036, 0.443135, -0.8259, 0.016403, 45776454.25, 0.0348, 60, 6, 13, 4, 0, 0, 1, 1, 6, 5, 0, 32, 3, 6, 5, NULL, 1, 1, 1, 1, 1, 1, 1, 'ABCD', 4, 7, 0, 0, 0, 0, 0, 0, 0, 0, 5, 0, 0, 'ACFG', 4, 4, 2021);
INSERT INTO `constru_property` VALUES ('603359', '东珠生态', 5969226963.3, 9, 2010, 455, 0.497126, 0.337848, 1.274791, 0.186471, 62334865.66, 3.09, 124, 0, 13, 10, 0, 0, 6, 0, 0, 0, 0, 24, 0, 1, 2, 1, 0, 1, 1, 0, 0, 0, 1, 'A', 9, 102, 0, 0, 0, 0, 0, 0, 0, 0, 0, 0, 0, 'A', 1, 1, 2019);
INSERT INTO `constru_property` VALUES ('603359', '东珠生态', 7403052372.54, 10, 2010, 461, 0.554046, 0.315803, -0.66981, 0.167849, 75354376.13, 0.0322, 129, 0, 19, 9, 0, 0, 6, 0, 0, 0, 0, 25, 1, 1, 2, NULL, 0, 1, 1, 0, 0, 0, 1, 'A', 41, 142, 0, 0, 0, 0, 0, 0, 0, 0, 0, 0, 0, 'A', 1, 1, 2020);
INSERT INTO `constru_property` VALUES ('603359', '东珠生态', 9267222424.57, 11, 2010, 444, 0.600203, 0.292509, 0.410898, 0.177288, 85003174.8, 0.0314, 115, 0, 26, 5, 0, 0, 7, 1, 0, 4, 12, 24, 2, 1, 4, NULL, 1, 1, 1, 0, 0, 0, 0, 'ABCD', 3, 6, 0, 0, 0, 1, 0, 0, 0, 0, 4, 0, 0, 'AFG', 3, 4, 2021);
INSERT INTO `constru_property` VALUES ('603388', '元成股份', 2937720624.41, 10, 2009, 512, 0.634475, 0.343086, 0.316625, 0.135455, 34347185.56, 3.41, 147, 0, 0, 60, 0, 0, 0, 0, 0, 0, 0, 29, 3, 6, 3, 0, 0, 1, 1, 0, 0, 1, 0, 'AB', 48, 86, 0, 0, 0, 0, 0, 0, 0, 0, 0, 0, 0, 'BCD', 3, 2, 2019);
INSERT INTO `constru_property` VALUES ('603388', '元成股份', 3027866277.67, 11, 2009, 421, 0.628714, 0.236062, 0.547392, 0.129961, 24968423.51, 0.0349, 120, 0, 4, 53, 0, 0, 0, 0, 0, 0, 0, 43, 3, 7, 3, NULL, 0, 1, 1, 0, 0, 1, 0, 'AB', 48, 86, 0, 0, 0, 0, 0, 0, 0, 0, 0, 0, 0, 'BCD', 3, 2, 2020);
INSERT INTO `constru_property` VALUES ('603388', '元成股份', 3468354584.05, 12, 2009, 311, 0.592318, 0.165188, -0.772938, 0.082248, 20879385.16, 0.0364, 89, 6, 8, 19, 0, 0, 2, 2, 5, 6, 2, 30, 1, 1, 6, NULL, 1, 1, 1, 0, 0, 0, 0, 'ABCD', 3, 7, 0, 0, 0, 0, 0, 0, 0, 0, 6, 0, 0, 'AEF', 3, 4, 2021);
INSERT INTO `constru_property` VALUES ('603637', '镇海股份', 1338509416.28, 13, 2006, 346, 0.420434, 0.771764, -0.098519, 0.055664, 31273634.4, 3.03, 87, 0, 0, 0, 1, 0, 0, 0, 0, 0, 0, 28, 6, 9, 3, 1, 0, 1, 1, 1, 0, 1, 1, 'A', 2, 128, 0, 0, 0, 0, 0, 0, 0, 0, 0, 0, 0, 'BCD', 3, 1, 2019);
INSERT INTO `constru_property` VALUES ('603637', '镇海股份', 1384887186.43, 14, 2006, 346, 0.415196, 0.79155, 0.436259, 0.059409, 34397220.38, 0.0314, 75, 0, 0, 0, 0, 0, 0, 0, 0, 0, 0, 28, 5, 25, 3, NULL, 0, 1, 1, 1, 0, 1, 1, 'A', 39, 192, 0, 0, 0, 0, 0, 0, 0, 0, 0, 0, 0, 'BCD', 3, 1, 2020);
INSERT INTO `constru_property` VALUES ('603637', '镇海股份', 1422126642.85, 15, 2006, 360, 0.425856, 0.773529, 0.575961, 0.068078, 35275115.99, 0.0321, 84, 14, 5, 13, 2, 0, 1, 1, 0, 2, 0, 31, 3, 22, 4, NULL, 1, 1, 1, 1, 1, 1, 1, 'ABCD', 18, 13, 0, 0, 0, 0, 0, 0, 0, 0, 2, 0, 0, 'ABCFG', 5, 4, 2021);
INSERT INTO `constru_property` VALUES ('603717', '天域生态', 3457126873.63, 5, 2014, 465, 0.580312, 0.242198, 2.535127, 0.073336, 26278323.24, 3.14, 84, 0, 0, 57, 3, 0, 1, 0, 0, 0, 0, 18, 2, 3, 3, 0, 0, 0, 1, 0, 0, 1, 0, 'AB', 11, 65, 0, 0, 0, 0, 0, 0, 0, 0, 0, 0, 0, 'CD', 2, 2, 2019);
INSERT INTO `constru_property` VALUES ('603717', '天域生态', 3317592718.07, 6, 2014, 428, 0.589916, 0.175592, -66.410839, -0.27225, 13136633.16, 0.0226, 64, 0, 9, 46, 0, 0, 1, 0, 0, 0, 0, 24, 2, 1, 3, NULL, 0, 0, 1, 0, 0, 1, 0, 'AB', 11, 65, 0, 0, 0, 0, 0, 0, 0, 0, 0, 0, 0, 'CD', 2, 2, 2020);
INSERT INTO `constru_property` VALUES ('603717', '天域生态', 3328832887.59, 7, 2014, 400, 0.515869, 0.191684, 0, -0.345663, 10365091.13, 0.0162, 36, 3, 25, 6, 1, 0, 3, 1, 0, 1, 0, 25, 2, 3, 5, NULL, 1, 1, 1, 0, 0, 1, 1, 'ABCD', 5, 6, 0, 0, 0, 0, 0, 0, 0, 0, 1, 0, 0, 'AFG', 3, 4, 2021);
INSERT INTO `constru_property` VALUES ('603778', '乾景园林', 1719876880.19, 16, 2003, 257, 0.41449, 0.206969, -0.470018, 0.065618, 11707169.35, 3.29, 45, 0, 38, 22, 1, 0, 3, 0, 0, 0, 0, 22, 7, 0, 2, 1, 0, 0, 1, 0, 0, 1, 1, 'A', 21, 83, 0, 0, 0, 0, 0, 0, 0, 0, 0, 0, 0, 'BCD', 3, 1, 2019);
INSERT INTO `constru_property` VALUES ('603778', '乾景园林', 2163147937.23, 17, 2003, 193, 0.289572, 0.1195, 0, -0.311985, 11514623.72, 0.0445, 55, 0, 38, 19, 3, 0, 3, 0, 0, 0, 0, 25, 13, 4, 2, NULL, 0, 0, 1, 0, 0, 1, 1, 'A', 21, 83, 0, 0, 0, 0, 0, 0, 0, 0, 0, 0, 0, 'BCD', 3, 1, 2020);
INSERT INTO `constru_property` VALUES ('603778', '乾景园林', 1834643737.24, 18, 2003, 139, 0.283079, 0.096367, 0, -1.238141, 10802594.8, 0.0611, 40, 9, 11, 8, 1, 0, 6, 1, 0, 10, 0, 28, 14, 2, 7, NULL, 1, 1, 1, 1, 1, 1, 1, 'ABCD', 5, 6, 0, 0, 0, 0, 0, 0, 0, 0, 10, 0, 0, 'ACFG', 4, 4, 2021);
INSERT INTO `constru_property` VALUES ('603815', '交建股份', 4939405071.93, 14, 2005, 880, 0.769067, 0.577373, 5.756076, 0.03816, 0, 0, 0, 0, 27, 23, 12, 1, 0, 0, 0, 0, 0, 26, 3, 0, 2, 1, 0, 0, 0, 0, 0, 1, 1, 'A', 6, 53, 0, 0, 0, 0, 0, 0, 0, 0, 0, 0, 0, 'ABC', 3, 1, 2019);
INSERT INTO `constru_property` VALUES ('603815', '交建股份', 5475696797.15, 15, 2005, 898, 0.782821, 0.580601, 17.792819, 0.032026, 0, 0, 0, 0, 3, 25, 2, 0, 0, 0, 0, 0, 0, 28, 3, 0, 2, NULL, 0, 0, 0, 0, 0, 1, 1, 'A', 6, 53, 0, 0, 0, 0, 0, 0, 0, 0, 0, 0, 0, 'ABC', 3, 1, 2020);
INSERT INTO `constru_property` VALUES ('603815', '交建股份', 8247927584.24, 16, 2005, 1192, 0.741787, 0.62165, 0.877556, 0.029342, 1616131.19, 0.0003, 44, 5, 21, 0, 3, 0, 1, 1, 0, 2, 0, 28, 4, 5, 6, NULL, 1, 1, 1, 0, 0, 1, 1, 'ABCD', 2, 3, 0, 0, 0, 0, 0, 0, 0, 0, 2, 0, 0, 'ACFG', 4, 4, 2021);
INSERT INTO `constru_property` VALUES ('603843', '正平股份', 6587834071.22, 23, 1996, 1665, 0.758408, 0.565986, 0.472929, 0.025763, 6044536.26, 0.16, 8, 0, 113, 33, 19, 0, 3, 0, 0, 0, 0, 33, 12, 2, 6, 1, 0, 0, 0, 0, 0, 1, 1, 'A', 5, 64, 0, 0, 0, 0, 0, 0, 0, 0, 0, 0, 0, 'CD', 2, 1, 2019);
INSERT INTO `constru_property` VALUES ('603843', '正平股份', 7168193104.89, 24, 1996, 1586, 0.752499, 0.682404, 2.061777, 0.026711, 6867252.88, 0.0014, 24, 0, 13, 17, 0, 0, 3, 0, 0, 0, 0, 24, 13, 8, 6, NULL, 0, 0, 0, 0, 0, 1, 1, 'A', 5, 64, 0, 0, 0, 0, 0, 0, 0, 0, 0, 0, 0, 'CD', 2, 1, 2020);
INSERT INTO `constru_property` VALUES ('603843', '正平股份', 9805368629.58, 25, 1996, 1304, 0.773958, 0.522745, 0.345247, 0.02234, 7093388.37, 0.0014, 47, 11, 7, 4, 3, 1, 4, 1, 0, 3, 0, 28, 15, 8, 6, NULL, 1, 1, 1, 0, 0, 1, 1, 'ABCD', 2, 5, 0, 0, 4, 0, 0, 0, 0, 0, 3, 0, 0, 'ACFG', 4, 4, 2021);
INSERT INTO `constru_property` VALUES ('603929', '亚翔集成', 2127093984.86, 18, 2001, 553, 0.451164, 0.878937, -0.513661, 0.054077, 58579948.59, 3.13, 83, 0, 56, 15, 0, 0, 1, 0, 0, 1, 0, 44, 5, 4, 2, 1, 1, 1, 1, 1, 0, 1, 1, 'AB', 9, 95, 0, 0, 0, 0, 0, 0, 0, 0, 0, 0, 0, 'CDE', 3, 2, 2019);
INSERT INTO `constru_property` VALUES ('603929', '亚翔集成', 1977560054.48, 19, 2001, 535, 0.469007, 0.469956, 0, -0.037142, 46689641.27, 0.0502, 77, 0, 63, 13, 0, 0, 1, 0, 0, 1, 0, 42, 10, 6, 2, NULL, 1, 1, 1, 1, 0, 1, 1, 'AB', 9, 95, 0, 0, 0, 0, 0, 0, 0, 0, 0, 0, 0, 'CDE', 3, 2, 2020);
INSERT INTO `constru_property` VALUES ('603929', '亚翔集成', 2255247203.02, 20, 2001, 560, 0.533388, 0.980872, -0.57921, 0.011592, 60994066.48, 0.0276, 84, 4, 18, 3, 0, 0, 3, 1, 0, 7, 0, 49, 10, 9, 6, NULL, 1, 1, 1, 1, 1, 1, 1, 'ABCD', 4, 16, 2, 0, 0, 0, 0, 0, 0, 0, 7, 0, 0, 'ACFG', 4, 4, 2021);
INSERT INTO `constru_property` VALUES ('603955', '大千生态', 3347984299.44, 20, 1999, 516, 0.579752, 0.274514, 0.428938, 0.108965, 36379878.93, 3.96, 76, 0, 0, 0, 0, 1, 2, 0, 0, 1, 0, 24, 4, 8, 4, 0, 0, 0, 1, 0, 0, 1, 0, 'AB', 18, 67, 0, 0, 0, 0, 0, 0, 0, 0, 0, 0, 0, 'ACEF', 4, 2, 2019);
INSERT INTO `constru_property` VALUES ('603955', '大千生态', 3614826441.91, 21, 1999, 467, 0.523008, 0.261194, 0.171373, 0.11613, 36401395.13, 0.0385, 80, 0, 8, 157, 0, 0, 2, 0, 0, 1, 0, 23, 8, 12, 4, NULL, 0, 0, 1, 0, 0, 1, 0, 'AB', 18, 67, 0, 0, 0, 0, 0, 0, 0, 0, 0, 0, 0, 'ACEF', 4, 2, 2020);
INSERT INTO `constru_property` VALUES ('603955', '大千生态', 3678857772.15, 22, 1999, 303, 0.51181, 0.151248, 3.750849, 0.12879, 22458777.36, 0.0404, 57, 2, 7, 8, 0, 0, 2, 1, 0, 1, 0, 23, 4, 11, 6, NULL, 1, 1, 1, 0, 1, 1, 1, 'ABCD', 9, 7, 0, 0, 0, 0, 0, 0, 0, 0, 1, 0, 0, 'AFG', 3, 4, 2021);
INSERT INTO `constru_property` VALUES ('603959', '百利科技', 2741716238.42, 19, 2000, 663, 0.832769, 0.50933, -29.683349, -0.44721, 62503221.18, 4.48, 184, 20, 9, 103, 10, 0, 0, 0, 0, 1, 0, 58, 26, 56, 4, 1, 1, 1, 1, 1, 0, 1, 1, 'AB', 21, 147, 0, 0, 0, 0, 0, 0, 0, 0, 0, 0, 0, 'CDF', 3, 2, 2019);
INSERT INTO `constru_property` VALUES ('603959', '百利科技', 2781472580.61, 20, 2000, 703, 0.770594, 0.504841, -1.669219, 0.017797, 71037848.92, 0.0506, 206, 0, 32, 96, 10, 0, 0, 0, 0, 1, 0, 34, 15, 53, 4, NULL, 1, 1, 1, 1, 0, 1, 1, 'AB', 21, 147, 0, 0, 0, 0, 0, 0, 0, 0, 1, 0, 0, 'CDF', 3, 2, 2020);
INSERT INTO `constru_property` VALUES ('603959', '百利科技', 3195739288.08, 21, 2000, 781, 0.788188, 0.325812, -2.586066, 0.029736, 64989724.2, 0.0624, 217, 26, 30, 29, 0, 0, 2, 2, 0, 4, 0, 39, 12, 58, 5, NULL, 1, 1, 1, 1, 1, 1, 1, 'ABCD', 12, 17, 0, 0, 0, 0, 0, 0, 0, 0, 3, 0, 0, 'ABCDFG', 6, 4, 2021);
INSERT INTO `constru_property` VALUES ('603979', '金诚信', 6572393800.82, 17, 2002, 6094, 0.336399, 0.522483, 0.153831, 0.089472, 71294067.75, 2.08, 291, 0, 59, 157, 4, 3, 5, 1, 3, 1, 0, 38, 8, 8, 5, 1, 0, 1, 1, 1, 0, 1, 1, 'AB', 18, 125, 0, 0, 0, 0, 0, 0, 0, 0, 0, 0, 0, 'BCD', 3, 2, 2019);
INSERT INTO `constru_property` VALUES ('603979', '金诚信', 8080596656.2, 18, 2002, 6313, 0.403291, 0.478115, 0.073615, 0.09273, 75864069.38, 0.0196, 372, 0, 0, 127, 0, 0, 5, 1, 3, 1, 0, 37, 8, 9, 5, NULL, 0, 1, 1, 1, 0, 1, 1, 'AB', 18, 125, 0, 0, 0, 0, 0, 0, 0, 0, 0, 0, 0, 'BCD', 3, 2, 2020);
INSERT INTO `constru_property` VALUES ('603979', '金诚信', 8684035101.6, 19, 2002, 7677, 0.383546, 0.518631, -0.066305, 0.101548, 78680947.46, 0.0175, 376, 9, 19, 36, 2, 0, 5, 2, 0, 10, 0, 43, 10, 13, 5, NULL, 1, 1, 1, 1, 1, 1, 1, 'ABCD', 11, 10, 0, 0, 0, 1, 0, 0, 0, 0, 10, 0, 0, 'ABCFG', 5, 4, 2021);
INSERT INTO `constru_property` VALUES ('605167', '利柏特', 2197905443.59, 28, 1993, 3446, 0.387581, 0.902256, 0.206861, 0.055194, 22562555.41, 0.0114, 157, 12, 9, 6, 0, 0, 1, 2, 0, 4, 0, 41, 7, 4, 6, NULL, 1, 1, 1, 1, 1, 1, 1, 'ABCD', 3, 7, 0, 0, 2, 0, 0, 0, 0, 0, 4, 0, 0, 'ACFG', 4, 4, 2021);
INSERT INTO `constru_property` VALUES ('605289', '罗曼股份', 2066021445.43, 28, 1993, 259, 0.367296, 0.356112, 0.559997, 0.159919, 26284026.71, 0.0357, 83, 4, 3, 4, 0, 0, 2, 3, 0, 11, 0, 36, 5, 74, 6, NULL, 1, 1, 1, 1, 1, 1, 1, 'ABCD', 16, 11, 0, 0, 0, 0, 0, 0, 0, 0, 11, 0, 0, 'ACD', 3, 4, 2021);
INSERT INTO `constru_property` VALUES ('605303', '园林股份', 3362257275.46, 33, 1988, 511, 0.500758, 0.363955, 0, 0.051401, 33675903.89, 0.0275, 68, 38, 6, 15, 4, 0, 5, 1, 0, 2, 0, 31, 2, 17, 5, NULL, 1, 1, 1, 1, 1, 1, 1, 'ABCD', 11, 10, 0, 0, 0, 0, 0, 0, 0, 0, 2, 0, 0, 'AFG', 3, 4, 2021);
INSERT INTO `constru_property` VALUES ('605598', '上海港湾', 1667280714.17, 29, 1992, 583, 0.157546, 0.440549, -1.330334, 0.083509, 11806900, 0.0161, 20, 6, 13, 5, 1, 0, 1, 1, 0, 2, 0, 23, 2, 0, 4, NULL, 1, 1, 1, 0, 0, 1, 1, 'ABCD', 1, 9, 0, 0, 0, 0, 0, 0, 0, 0, 2, 0, 0, 'ACFG', 4, 4, 2021);

-- ----------------------------
-- Table structure for constru_structure
-- ----------------------------
DROP TABLE IF EXISTS `constru_structure`;
CREATE TABLE `constru_structure`  (
  `id` int(0) NOT NULL AUTO_INCREMENT,
  `indi_name` varchar(45) CHARACTER SET utf8mb4 COLLATE utf8mb4_0900_ai_ci NOT NULL,
  `parent_id` int(0) NULL DEFAULT NULL,
  `level` int(0) NULL DEFAULT NULL,
  `explanation` varchar(255) CHARACTER SET utf8mb4 COLLATE utf8mb4_0900_ai_ci NULL DEFAULT NULL,
  PRIMARY KEY (`id`) USING BTREE,
  UNIQUE INDEX `id_UNIQUE`(`id`) USING BTREE
) ENGINE = InnoDB CHARACTER SET = utf8mb4 COLLATE = utf8mb4_0900_ai_ci ROW_FORMAT = Dynamic;

-- ----------------------------
-- Records of constru_structure
-- ----------------------------
INSERT INTO `constru_structure` VALUES (1, '基本指标', NULL, 1, NULL);
INSERT INTO `constru_structure` VALUES (2, '数字化研发创新指标', NULL, 1, NULL);
INSERT INTO `constru_structure` VALUES (3, '组织指标', NULL, 1, NULL);
INSERT INTO `constru_structure` VALUES (4, '战略指标', NULL, 1, NULL);
INSERT INTO `constru_structure` VALUES (5, '特色指标', NULL, 1, NULL);
INSERT INTO `constru_structure` VALUES (6, '规模状况', 1, 2, NULL);
INSERT INTO `constru_structure` VALUES (7, '财务状况', 1, 2, NULL);
INSERT INTO `constru_structure` VALUES (8, '研发状况', 2, 2, NULL);
INSERT INTO `constru_structure` VALUES (9, '数字化创新成果状况', 2, 2, NULL);
INSERT INTO `constru_structure` VALUES (10, '数字化技术应用状况', 2, 2, '年报中的词汇能够侧面反映出企业的发展规划，很大程度能够体现企业经营理念指导下的转型方式，反映企业对于数字应用的重视程度。');
INSERT INTO `constru_structure` VALUES (11, '组织结构', 3, 2, NULL);
INSERT INTO `constru_structure` VALUES (12, '承包联合体模式', 3, 2, NULL);
INSERT INTO `constru_structure` VALUES (13, '企业战略规划', 4, 2, NULL);
INSERT INTO `constru_structure` VALUES (14, '企业战略部门', 4, 2, NULL);
INSERT INTO `constru_structure` VALUES (15, '战略影响因素', 4, 2, NULL);
INSERT INTO `constru_structure` VALUES (16, '装配式建筑', 5, 2, '反映施工企业装配式建筑的应用情况，装配式建筑由于标准化设计、工厂化生产、信息化管理等特点，因此是施工企业数字化程度的直接体现。');
INSERT INTO `constru_structure` VALUES (17, '智慧工地', 5, 2, '企业将数字化技术应用在施工场景中，施工单位高质量智慧工地数量越多说明企业在施工安全、效率等问题上重视程度越高，越有趋势运用数字化技术保障施工安全和效率。');
INSERT INTO `constru_structure` VALUES (18, 'BIM应用', 5, 2, '反映企业运用BIM技术的状况以及BIM技术运用水平，BIM技术作为建筑领域数字化转型代表技术，运用程度可以反映数字化转型程度。');
INSERT INTO `constru_structure` VALUES (19, '施工管理数字化', 5, 2, '反映施工管理过程中的电子化、信息化程度，电子化的工程档案、签章等能够大大提高施工管理的效率，是施工企业数字化程度的重要体现。');
INSERT INTO `constru_structure` VALUES (20, '施工设施应用', 5, 2, '反映智能设备在施工过程中的应用情况，智能施工设施的应用是建筑业转型的重要体现，也是研发创新的成果体现，应用的智能设施越多，反映企业数字化程度越高。');
INSERT INTO `constru_structure` VALUES (21, '股票代码', NULL, NULL, NULL);
INSERT INTO `constru_structure` VALUES (22, '企业名称', NULL, NULL, NULL);
INSERT INTO `constru_structure` VALUES (23, '总资产', 6, 3, '企业总资产可以侧面反映企业规模以及企业资金实力，资金实力越雄厚的企业越有能力投入更多的资金运用数字化转型。');
INSERT INTO `constru_structure` VALUES (24, '企业成立年限', 6, 3, '从成立年限方面反映企业规模状况，成立年限越长的企业代表企业经营更加稳定，更有潜力参与数字化转型。');
INSERT INTO `constru_structure` VALUES (25, '成立年份', NULL, NULL, NULL);
INSERT INTO `constru_structure` VALUES (26, '员工总数', 6, 3, '从员工数量方面反映企业规模状况，员工数量越多反映企业资金实力越雄厚，能够反映企业在人力资源方面的配备以及是否为数字化转型做好人员储备。');
INSERT INTO `constru_structure` VALUES (27, '资产负债率', 7, 3, '反映企业经营风险的大小，也反映企业利用债权人提供的资金从事经营活动的能力，可以衡量在数字化转型中企业调动资金的能力。');
INSERT INTO `constru_structure` VALUES (28, '总资产周转率', 7, 3, '企业一定时期的销售收入净额与平均资产总额之比,它是衡量资产投资规模与销售水平之间配比情况的指标，可以衡量企业数字化资产投资规模。');
INSERT INTO `constru_structure` VALUES (29, '净利润增长率', 7, 3, '反映企业持续盈利能力，企业持续盈利是实现数字化转型和投入的基础条件，成长较快的企业越有趋势运用数字化技术加速发展。');
INSERT INTO `constru_structure` VALUES (30, '营业净利润率', 7, 3, '反映企业经营效率，经营效率越高，企业数字化转型的支撑力就更强。');
INSERT INTO `constru_structure` VALUES (31, '研发投入费用', 8, 3, '直接反映了公司在研发上财务资源投入，研发投入可以直接助推企业运用数字化技术，促进数字化转型进程。');
INSERT INTO `constru_structure` VALUES (32, '研发投入占营业收入比例', 8, 3, '指标用于刻画企业技术创新潜能，反映企业在研发上的投入强度，从而在数字化技术层面推动数字化转型。');
INSERT INTO `constru_structure` VALUES (33, '研发人员', 8, 3, '背后反映了公司隐性知识的数量,研发人员占比越高代表企业对于研发重视程度越高，从而有利于企业在技术层面进行数字化转型。');
INSERT INTO `constru_structure` VALUES (34, '研发项目个数', 8, 3, '反映企业研发所涉及的广度，项目数量越多代表企业投入越多，对于转型越重视。');
INSERT INTO `constru_structure` VALUES (35, '专利数', 8, 3, '专利可以被理解为企业所拥有的显性知识，专利数量越多，企业科技创新能力越强，从而推动企业转型。');
INSERT INTO `constru_structure` VALUES (36, '硕士及以上人员数量', 8, 3, '反映建筑公司人员学历结构，硕士学历及以上的人员数量越多，代表企业员工知识层次越高，越有可能推动企业创新，促进数字化转型。');
INSERT INTO `constru_structure` VALUES (37, '国家级获奖', 8, 3, '反映企业高水平创新产出数量，数量越多代表企业在科技创新领域实力越强，具有领袖作用，越有可能推动数字化转型。');
INSERT INTO `constru_structure` VALUES (38, '研发中心数量', 8, 3, '反映企业开设的研发机构数量，形成集聚性的研发创新力，从而推动数字化转型。');
INSERT INTO `constru_structure` VALUES (39, '数字化创新平台数', 9, 3, '反映企业依托科研单位进行产学研的程度，程度越高代表企业与高校联系越来密切，越可能依托高校科研实力完成数字化转型。');
INSERT INTO `constru_structure` VALUES (40, '互联网云平台运用数量', 9, 3, '反映企业数字化互联网平台运用状况，互联网平台也是企业运用数字化技术的表现之一，因此通过运用互联网平台反映企业数字化程度。');
INSERT INTO `constru_structure` VALUES (41, '数字化业务板块数', 9, 3, '反映企业其所含业务板块中数字化应用程度，业务板块数量越多，说明企业涵盖数字化业务范围越广。');
INSERT INTO `constru_structure` VALUES (42, '联合高等院校课题研发数', 9, 3, '反映企业与科研单位合作研发的状况，程度越高代表企业与研发单位联系越来密切，越可能率先完成数字化转型。');
INSERT INTO `constru_structure` VALUES (43, '成果转化数', 9, 3, '反映企业将数字化技术转化成成果的程度，程度越高说明数字化技术应用越广泛。');
INSERT INTO `constru_structure` VALUES (44, '一级技术词频数', 10, 3, NULL);
INSERT INTO `constru_structure` VALUES (45, '二级技术词频数', 10, 3, NULL);
INSERT INTO `constru_structure` VALUES (46, '三级技术词频数', 10, 3, NULL);
INSERT INTO `constru_structure` VALUES (47, '业务板块数量（多元化情况）', 11, 3, '通过企业业务板块数量来反映企业发展的多元化情况，企业业务多元化程度越高，企业探索新领域、推进数字化转型的意愿越强。');
INSERT INTO `constru_structure` VALUES (48, '组织结构中是否有专门的数字化部门', 11, 3, NULL);
INSERT INTO `constru_structure` VALUES (49, '组织内部是否具有专门的项目管理系统', 11, 3, '组织内部的项目管理系统是集成了项目信息、业务数据的数字化系统或平台，能够从组织结构层面体现企业的数字化程度。');
INSERT INTO `constru_structure` VALUES (50, '是否与数字化类型的企业有合作、收购、投资关系（从年报中获取）', 12, 3, '反映企业对数字化相关业务、企业的重视，是开启数字化转型的有益尝试。');
INSERT INTO `constru_structure` VALUES (51, '是否为国家认定高新技术企业', 12, 3, '反映企业的研发创新能力被国家认可，并受到国家和政府的政策支持，为进一步研发创新，实现数字化转型提供强大推力。');
INSERT INTO `constru_structure` VALUES (52, '企业年报中是否有提及数字化战略的相关内容？', 13, 3, '反映了企业未来经营计划中对数字化的思考，为未来实现数字化提供战略指引。');
INSERT INTO `constru_structure` VALUES (53, '企业年报中是否有专项数字化转型报告', 13, 3, '年报中有单独的小节、段落来介绍企业的数字化情况能够反映企业数字化成果丰富，且重视企业数字化的发展。');
INSERT INTO `constru_structure` VALUES (54, '企业远景、目标、定位中是否具有数字化、大数据、智能化、信息化等词语', 13, 3, '反映企业对数字化相关战略的重视程度，数字化战略在企业远景规划中扮演的角色与地位。');
INSERT INTO `constru_structure` VALUES (55, '企业战略职能中是否具有专门数字化业务部门', 14, 3, '专门的数字化业务部门能够统筹安排企业的数字化相关工作，为企业的数字化转型提供业务支持。');
INSERT INTO `constru_structure` VALUES (56, '企业业务中是否运用信息化技术系统', 14, 3, '应用信息化技术系统越多，反映企业的信息化程度越高，为数字化转型提供良好的技术基础。');
INSERT INTO `constru_structure` VALUES (57, ' 企业业务中是否运用信息化技术系统个数', 14, 3, '应用信息化技术系统越多，反映企业的信息化程度越高，为数字化转型提供良好的技术基础。');
INSERT INTO `constru_structure` VALUES (58, '企业年报中是否有提及“政策”或相关对于数字化转型政策支持的词语', 15, 3, '政府的相关政策为企业进行数字化转型提供保障和推动力。');
INSERT INTO `constru_structure` VALUES (59, '企业年报中是否有提及“行业”、“市场”、“需求”或相关对于数字化转型外部驱动的词语', 15, 3, '行业、市场等外部需求能够推动企业加速进行数字化转型。');
INSERT INTO `constru_structure` VALUES (60, '装配式建筑项目数', 16, 3, NULL);
INSERT INTO `constru_structure` VALUES (61, '完成装配式建筑面积', 16, 3, NULL);
INSERT INTO `constru_structure` VALUES (62, '装配式建筑产业基地数量', 16, 3, NULL);
INSERT INTO `constru_structure` VALUES (63, '拥有建筑机器人数量', 17, 3, NULL);
INSERT INTO `constru_structure` VALUES (64, '智慧工地数量占比', 17, 3, NULL);
INSERT INTO `constru_structure` VALUES (65, '5G技术应用工地数量', 17, 3, NULL);
INSERT INTO `constru_structure` VALUES (66, '运用BIM技术合同额', 18, 3, NULL);
INSERT INTO `constru_structure` VALUES (67, '采用BIM技术项目个数', 18, 3, NULL);
INSERT INTO `constru_structure` VALUES (68, '智能建造平台数量', 19, 3, NULL);
INSERT INTO `constru_structure` VALUES (69, '采用电子签名/签章项目占比', 19, 3, NULL);
INSERT INTO `constru_structure` VALUES (70, '拥有电子化工程档案项目占比', 19, 3, NULL);
INSERT INTO `constru_structure` VALUES (71, 'A、智能塔吊', 20, 3, NULL);

-- ----------------------------
-- Table structure for design_enterprise
-- ----------------------------
DROP TABLE IF EXISTS `design_enterprise`;
CREATE TABLE `design_enterprise`  (
  `企业名称` varchar(45) CHARACTER SET utf8mb4 COLLATE utf8mb4_0900_ai_ci NOT NULL,
  `地区` varchar(20) CHARACTER SET utf8mb4 COLLATE utf8mb4_0900_ai_ci NOT NULL,
  `省份` varchar(20) CHARACTER SET utf8mb4 COLLATE utf8mb4_0900_ai_ci NOT NULL,
  `城市` varchar(20) CHARACTER SET utf8mb4 COLLATE utf8mb4_0900_ai_ci NOT NULL,
  `主营业务` varchar(255) CHARACTER SET utf8mb4 COLLATE utf8mb4_0900_ai_ci NULL DEFAULT NULL,
  PRIMARY KEY (`企业名称`) USING BTREE
) ENGINE = InnoDB CHARACTER SET = utf8mb4 COLLATE = utf8mb4_0900_ai_ci ROW_FORMAT = Dynamic;

-- ----------------------------
-- Records of design_enterprise
-- ----------------------------
INSERT INTO `design_enterprise` VALUES ('中公高科', '华北', '北京', '北京市', '路况快速检测设备生产与销售、公路养护信息系统开发与销售、公路养护决策咨询服务。');
INSERT INTO `design_enterprise` VALUES ('中粮工科', '华东', '江苏', '无锡市', '设计咨询、机电工程系统交付和工程承包等专业工程服务业务板块以及设备制造业务板块。');
INSERT INTO `design_enterprise` VALUES ('中衡设计', '华东', '江苏', '苏州市', '建筑领域的工程设计、工程总承包、工程监理及项目管理业务。');
INSERT INTO `design_enterprise` VALUES ('中设咨询', '西南', '重庆', '重庆市', '工程勘察设计、工程检测及其他相关工程咨询服务。');
INSERT INTO `design_enterprise` VALUES ('中设股份', '华东', '江苏', '无锡市', '中国城市建设和交通建设领域的规划咨询及勘察设计、工程监理、项目管理等');
INSERT INTO `design_enterprise` VALUES ('中达安', '华南', '广东', '广州市', '以工程监理业务为主的项目管理服务。');
INSERT INTO `design_enterprise` VALUES ('勘设股份', '西南', '贵州', '贵阳市', '工程咨询与工程承包业务');
INSERT INTO `design_enterprise` VALUES ('华图山鼎', '西南', '四川', '成都市', '提供建筑工程设计及相关咨询服务。');
INSERT INTO `design_enterprise` VALUES ('华建集团', '华东', '上海', '上海市', '工程勘察、规划设计、工程设计、市政设计、水利工程设计、风景园林设计、建设装饰设计、历史建筑保护和利用设计、建筑声学设计、全过程项目管理、建设工程承包(EPC)、工程监理、建设工程投资控制、科技咨询、项目策划等业务。');
INSERT INTO `design_enterprise` VALUES ('华维设计', '华东', '江西', '南昌市', '公司主要从事工程设计及咨询业务');
INSERT INTO `design_enterprise` VALUES ('华蓝集团', '华南', '广西', '南宁市', '工程设计、国土空间规划、工程总承包管理及工程咨询服务。');
INSERT INTO `design_enterprise` VALUES ('华设集团', '华东', '江苏', '南京市', '公路、水运、市政、建筑等领域建设工程提供勘察设计、规划研究、试验检测、工程管理等专业工程咨询服务。');
INSERT INTO `design_enterprise` VALUES ('华阳国际', '华南', '广东', '深圳市', '建筑设计和研发及其延伸业务。');
INSERT INTO `design_enterprise` VALUES ('合诚股份', '华东', '福建', '厦门市', '设计咨询、工程监理、试验检测、综合管养、工程新材料研发与应用等业务。');
INSERT INTO `design_enterprise` VALUES ('启迪设计', '华东', '江苏', '苏州市', '设计业务、绿色建筑节能整体技术服务、工程总承包、工程检测');
INSERT INTO `design_enterprise` VALUES ('地铁设计', '华南', '广东', '广州市', '城市轨道交通、市政、建筑等领域的勘察设计、规划咨询、工程总承包等。');
INSERT INTO `design_enterprise` VALUES ('尤安设计', '华东', '上海', '上海市', '建筑设计业务的研发、咨询与技术服务。');
INSERT INTO `design_enterprise` VALUES ('山水比德', '华南', '广东', '广州市', '社区景观、文化旅游、商业空间、市政公共等领域提供整体性解决方案。');
INSERT INTO `design_enterprise` VALUES ('广咨国际', '华南', '广东', '广州市', '咨询服务；工程造价服务；招标代理服务；项目管理和工程监理服务；进口销售；进口代理服务。');
INSERT INTO `design_enterprise` VALUES ('建研设计', '华东', '安徽', '合肥市', '建筑设计、咨询、研发及其延伸业务。');
INSERT INTO `design_enterprise` VALUES ('建科院', '华南', '广东', '深圳市', '建筑设计、绿色建筑咨询、生态城市规划、公信服务等业务');
INSERT INTO `design_enterprise` VALUES ('招标股份', '华东', '福建', '福州市', '工程监理、试验检测、招标服务、测绘与地理信息服务、勘察设计以及其他技术服务。');
INSERT INTO `design_enterprise` VALUES ('新城市', '华南', '广东', '深圳市', '为各级政府部门、知名企业和城乡社区提供城乡规划、工程设计、工程咨询等专业服务。');
INSERT INTO `design_enterprise` VALUES ('旭杰科技', '华东', '江苏', '苏州市', '新型装配式墙体（所用主材为蒸压轻质加气混凝土ALC板材及砌块）特种专业工程的专业承包，包括前期深化设计、现场施工安装以及售后保养维护。');
INSERT INTO `design_enterprise` VALUES ('杰恩设计', '华南', '广东', '深圳市', '建筑室内设计服务。');
INSERT INTO `design_enterprise` VALUES ('汉嘉设计', '华东', '浙江', '杭州市', '建筑设计、装饰景观市政设计及EPC总承包等。');
INSERT INTO `design_enterprise` VALUES ('测绘股份', '华东', '江苏', '南京市', '从事地理信息产业中的测绘地理信息服务业务。');
INSERT INTO `design_enterprise` VALUES ('深圳瑞捷', '华南', '广东', '深圳市', '建设工程第三方评估、管理和咨询服务。');
INSERT INTO `design_enterprise` VALUES ('深城交', '华南', '广东', '深圳市', '规划咨询、工程设计和检测、大数据软件及智慧交通等。');
INSERT INTO `design_enterprise` VALUES ('深水规院', '华南', '广东', '深圳市', '为水务建设工程提供勘测设计规划咨询等专业技术服务。');
INSERT INTO `design_enterprise` VALUES ('甘咨询', '西北', '甘肃', '兰州市', '工程咨询服务业。');
INSERT INTO `design_enterprise` VALUES ('筑博设计', '西南', '西藏', '拉萨市', '建筑设计及相关业务的设计与咨询。');
INSERT INTO `design_enterprise` VALUES ('苏交科', '华东', '江苏', '南京市', '交通工程咨询与工程承包业务，主要提供交通项目前期咨询及科研，道路、桥梁、铁路与轨道交通、岩土与隧道工程、水运工程与市政工程的勘察、设计、咨询、试验检测、监理、相关技术服务，工程总承包及其他承包业务等服务，为交通工程提供综合解决方案。');
INSERT INTO `design_enterprise` VALUES ('蕾奥规划', '华南', '广东', '深圳市', '规划设计业务和工程设计业务。');
INSERT INTO `design_enterprise` VALUES ('设研院', '华中', '河南', '郑州市', '咨询、规划、勘察、设计、测绘、试验、检测、监测、监理、项目管理等工程咨询服务。');
INSERT INTO `design_enterprise` VALUES ('设计总院', '华东', '安徽', '合肥市', '为公路、水运、市政等领域的工程建设提供勘察设计、咨询研发、试验检测、工程管理等专业工程咨询服务。');
INSERT INTO `design_enterprise` VALUES ('霍普股份', '华东', '上海', '上海市', '为客户提供建筑专业领域内的概念规划设计、方案设计、初步设计等咨询顾问服务。');

-- ----------------------------
-- Table structure for design_property
-- ----------------------------
DROP TABLE IF EXISTS `design_property`;
CREATE TABLE `design_property`  (
  `股票代码` varchar(20) CHARACTER SET utf8mb4 COLLATE utf8mb4_0900_ai_ci NOT NULL,
  `企业名称` varchar(45) CHARACTER SET utf8mb4 COLLATE utf8mb4_0900_ai_ci NOT NULL,
  `总资产` double NOT NULL,
  `企业成立年限` int(0) NOT NULL,
  `成立年份` int(0) NOT NULL,
  `员工总数` int(0) NOT NULL,
  `资产负债率` double NOT NULL,
  `总资产周转率` double NOT NULL,
  `净利润增长率` double NOT NULL,
  `营业净利润率` double NOT NULL,
  `研发投入费用` double NOT NULL,
  `研发投入占营业收入比例` double NOT NULL,
  `研发人员` int(0) NOT NULL,
  `研发项目个数` int(0) NOT NULL,
  `专利数` int(0) NOT NULL,
  `硕士及以上人员数量` int(0) NOT NULL,
  `国家级获奖` int(0) NOT NULL,
  `研发中心数量` double NOT NULL,
  `数字化创新平台数` double NOT NULL,
  `互联网云平台运用数量` double NOT NULL,
  `数字化业务板块数` double NOT NULL,
  `联合高等院校课题研发数` double NOT NULL,
  `成果转化数` double NOT NULL,
  `一级技术词频数` double NOT NULL,
  `二级技术词频数` double NOT NULL,
  `三级技术词频数` double NOT NULL,
  `业务板块数量（多元化情况）` double NOT NULL,
  `组织结构中是否有专门的数字化部门` tinyint(0) NULL DEFAULT NULL,
  `组织内部是否具有专门的项目管理系统` tinyint(0) NOT NULL,
  `是否与数字化类型的企业有合作、收购、投资关系（从年报中获取）` tinyint(0) NOT NULL,
  `是否为国家认定高新技术企业` tinyint(0) NOT NULL,
  `企业年报中是否有提及数字化战略的相关内容？` tinyint(0) NOT NULL,
  `企业年报中是否有专项数字化转型报告` tinyint(0) NOT NULL,
  `企业远景、目标、定位中是否具有数字化、大数据、智能化、信息化等词语` int(0) NOT NULL,
  `企业战略职能中是否具有专门数字化业务部门` tinyint(0) NOT NULL,
  `企业业务中是否运用信息化技术系统` varchar(20) CHARACTER SET utf8mb4 COLLATE utf8mb4_0900_ai_ci NOT NULL,
  `企业年报中是否有提及“政策”或相关对于数字化转型政策支持的词语` int(0) NOT NULL,
  `企业年报中是否有提及“行业”、“市场”、“需求”或相关对于数字化转型外部驱动的词语` int(0) NOT NULL,
  `企业业务中是否运用信息化技术系统个数` int(0) NULL DEFAULT NULL,
  `是否收购设计公司或与设计公司合作？` tinyint(0) NOT NULL,
  `是否有公共建筑设计项目？` tinyint(0) NOT NULL,
  `是否有超高层建筑设计项目或复杂性建筑设计项目？` tinyint(0) NOT NULL,
  `是否有装配式建筑设计项目？` tinyint(0) NOT NULL,
  `是否有EPC(工程总承包)项目？` tinyint(0) NOT NULL,
  `是否有协同设计平台？` tinyint(0) NOT NULL,
  `是否为全过程咨询` tinyint(0) NOT NULL,
  `在设计过程中是否使用BIM技术` tinyint(0) NOT NULL,
  `年份` int(0) NOT NULL,
  PRIMARY KEY (`股票代码`, `年份`) USING BTREE,
  UNIQUE INDEX `property_UNIQUE`(`股票代码`, `年份`) USING BTREE
) ENGINE = InnoDB CHARACTER SET = utf8mb4 COLLATE = utf8mb4_0900_ai_ci ROW_FORMAT = Dynamic;

-- ----------------------------
-- Records of design_property
-- ----------------------------
INSERT INTO `design_property` VALUES ('000779', '甘咨询', 3407121355.97, 26, 1989, 3959, 0.267749, 0.464409, 0.627573, 0.174694, 33079585.29, 0.015471, 193, 12, 16, 393, 0, 0, 1, 2, 0, 0, 0, 29, 4, 2, 5, 0, 0, 0, 0, 0, 0, 3, 0, 'A', 9, 85, 1, 1, 0, 0, 0, 0, 0, 1, 1, 2019);
INSERT INTO `design_property` VALUES ('000779', '甘咨询', 3900391071.56, 26, 1989, 4236, 0.447037, 0.63598, 0.03776, 0.124427, 30610189.83, 0.0123, 238, 39, 20, 523, 0, 0, 1, 2, 0, 0, 0, 30, 2, 16, 5, NULL, 0, 0, 0, 0, 0, 10, 0, 'A', 0, 127, 1, 1, 0, 0, 0, 0, 0, 1, 1, 2020);
INSERT INTO `design_property` VALUES ('000779', '甘咨询', 4198073861.96, 27, 1995, 4546, 0.415827, 0.615053, 0.323857, 0.126775, 40127861.7, 0.0155, 499, 1, 63, 83, 11, 0, 3, 5, 0, 0, 1, 27, 8, 25, 6, NULL, 0, 0, 1, 1, 1, 1, 1, 'A', 13, 101, 1, 1, 0, 0, 0, 0, 0, 1, 1, 2021);
INSERT INTO `design_property` VALUES ('002883', '中设股份', 595935146.78, 34, 1994, 735, 0.09444, 0.171165, 0.523346, 0.23952, 17442329.19, 0.055926, 88, 6, 7, 101, 0, 1, 1, 0, 0, 0, 0, 34, 16, 3, 4, 1, 0, 0, 0, 0, 0, 5, 1, 'AB', 6, 83, 2, 1, 1, 0, 0, 1, 0, 1, 0, 2019);
INSERT INTO `design_property` VALUES ('002883', '中设股份', 981218701.37, 34, 1994, 733, 0.367236, 0.484265, 0.870171, 0.164306, 23246101.02, 0.0489, 119, 0, 0, 105, 0, 0, 1, 0, 0, 0, 0, 67, 1, 32, 4, NULL, 0, 0, 0, 0, 0, 4, 1, 'AB', 4, 144, 2, 1, 1, 0, 0, 1, 0, 1, 0, 2020);
INSERT INTO `design_property` VALUES ('002883', '中设股份', 1209111586.05, 35, 1987, 967, 0.437739, 0.501478, 1.136391, 0.116732, 30703345.35, 0.0506, 155, 19, 11, 136, 1, 0, 2, 2, 0, 2, 12, 60, 6, 51, 4, NULL, 0, 0, 1, 1, 1, 1, 1, 'AB', 13, 90, 2, 1, 1, 0, 0, 1, 1, 1, 1, 2021);
INSERT INTO `design_property` VALUES ('002949', '华阳国际', 1879356871.43, 28, 1992, 3936, 0.104148, 0.373155, 0.635669, 0.141303, 52563209.36, 0.043999, 410, 3, 53, 492, 2, 0, 0, 2, 1, 0, 0, 29, 3, 1, 6, 1, 1, 1, 1, 1, 0, 5, 1, 'AB', 11, 82, 2, 1, 1, 1, 1, 1, 1, 1, 1, 2019);
INSERT INTO `design_property` VALUES ('002949', '华阳国际', 2753464761.56, 28, 1992, 4941, 0.474771, 0.687895, 0.009614, 0.100993, 72894656.53, 0.0385, 563, 0, 65, 618, 2, 0, 0, 2, 1, 0, 0, 42, 5, 45, 6, NULL, 1, 1, 1, 1, 0, 9, 1, 'AB', 9, 119, 2, 1, 1, 1, 1, 1, 1, 1, 1, 2020);
INSERT INTO `design_property` VALUES ('002949', '华阳国际', 3041371074.98, 29, 1993, 5173, 0.50738, 0.945785, -1.205224, 0.045387, 97344246.98, 0.0338, 632, 16, 80, 149, 97, 0, 0, 16, 1, 0, 14, 78, 10, 80, 6, NULL, 1, 1, 1, 1, 1, 1, 1, 'AB', 4, 76, 2, 1, 1, 1, 1, 1, 1, 1, 1, 2021);
INSERT INTO `design_property` VALUES ('003013', '地铁设计', 4627048932.66, 29, 1993, 1730, 0.580462, 0.514497, -0.638055, 0.151928, 108752997.47, 0.0457, 511, 20, 160, 307, 6, 0, 5, 8, 0, 0, 9, 46, 10, 71, 5, NULL, 1, 0, 1, 1, 1, 1, 1, 'A', 9, 85, 1, 1, 1, 1, 1, 1, 1, 0, 1, 2021);
INSERT INTO `design_property` VALUES ('300284', '苏交科', 13351138989.14, 19, 2001, 8319, 0.14419, 0.614501, 0.446942, 0.14722, 275514307.61, 0.046172, 1497, 74, 91, 1381, 344, 2, 32, 0, 0, 0, 0, 54, 0, 18, 2, 0, 0, 1, 0, 1, 0, 22, 0, 'AB', 23, 55, 2, 1, 1, 0, 0, 0, 1, 1, 1, 2019);
INSERT INTO `design_property` VALUES ('300284', '苏交科', 14288383746.2, 19, 2001, 8037, 0.618502, 0.384883, 0.936689, 0.075418, 237765239.71, 0.0432, 1447, 0, 89, 1339, 2, 1, 32, 0, 0, 0, 0, 55, 9, 31, 2, NULL, 0, 1, 0, 1, 0, 9, 0, 'AB', 3, 136, 2, 1, 1, 0, 0, 0, 1, 1, 1, 2020);
INSERT INTO `design_property` VALUES ('300284', '苏交科', 15084188043.27, 20, 2002, 8091, 0.465331, 0.33939, 1.263418, 0.097937, 229229053.77, 0.0448, 1457, 2, 900, 785, 8, 2, 39, 7, 0, 0, 1, 69, 4, 78, 2, NULL, 1, 1, 1, 1, 0, 1, 0, 'AB', 8, 34, 2, 1, 1, 0, 0, 0, 1, 1, 1, 2021);
INSERT INTO `design_property` VALUES ('300492', '华图山鼎', 372274088.22, 19, 1998, 370, -0.209525, 0.21282, 0.574144, 0.10765, 0, 0, 0, 0, 0, 20, 0, 0, 0, 0, 0, 0, 0, 25, 6, 4, 1, 0, 0, 0, 0, 0, 0, 2, 0, 'A', 4, 45, 1, 0, 1, 1, 1, 1, 0, 0, 1, 2019);
INSERT INTO `design_property` VALUES ('300492', '华图山鼎', 320431449.15, 19, 1998, 249, 0.100577, 0.391514, 1.910722, 0.1129, 0, 0, 0, 0, 0, 17, 0, 0, 0, 0, 0, 0, 0, 26, 1, 12, 1, NULL, 0, 0, 0, 0, 0, 2, 0, 'A', 2, 80, 1, 0, 1, 1, 1, 1, 0, 0, 1, 2020);
INSERT INTO `design_property` VALUES ('300500', '启迪设计', 2500867141.3, 34, 1994, 1599, 0.446234, 0.399374, 0.498669, 0.167311, 64076741.61, 0.051086, 338, 9, 112, 0, 6, 2, 8, 1, 0, 39, 0, 32, 9, 10, 5, 1, 1, 1, 0, 1, 0, 13, 1, 'A', 6, 74, 1, 1, 1, 1, 1, 1, 0, 0, 1, 2019);
INSERT INTO `design_property` VALUES ('300500', '启迪设计', 2753138733.98, 34, 1994, 1829, 0.443914, 0.671935, -2.717441, 0.024955, 78678287.52, 0.0425, 344, 0, 147, 390, 0, 0, 8, 1, 0, 39, 0, 56, 32, 64, 5, NULL, 1, 1, 0, 1, 0, 40, 1, 'A', 11, 96, 1, 1, 1, 1, 1, 1, 0, 0, 1, 2020);
INSERT INTO `design_property` VALUES ('300500', '启迪设计', 3443041732.63, 34, 1988, 2141, 0.524895, 0.668378, 0.674339, 0.055659, 105505692.89, 0.0458, 447, 16, 159, 129, 7, 3, 7, 5, 1, 0, 5, 68, 12, 53, 5, NULL, 1, 1, 1, 1, 1, 1, 1, 'A', 3, 67, 1, 1, 1, 1, 1, 1, 1, 1, 1, 2021);
INSERT INTO `design_property` VALUES ('300564', '筑博设计', 1685015381.07, 26, 2001, 1859, 0.193301, 0.382708, 0.548452, 0.171806, 40133694.82, 0.043428, 195, 12, 5, 205, 2, 2, 6, 0, 0, 4, 0, 25, 2, 10, 3, 1, 1, 1, 1, 1, 0, 2, 1, 'A', 3, 79, 1, 0, 1, 1, 1, 1, 1, 0, 1, 2019);
INSERT INTO `design_property` VALUES ('300564', '筑博设计', 1879059722.89, 26, 2001, 2068, 0.391422, 0.511017, 1.030832, 0.144139, 44813088.43, 0.0508, 209, 0, 12, 237, 0, 0, 6, 0, 0, 4, 0, 29, 10, 31, 3, NULL, 1, 1, 1, 1, 0, 15, 1, 'A', 1, 104, 1, 0, 1, 1, 1, 1, 1, 0, 1, 2020);
INSERT INTO `design_property` VALUES ('300564', '筑博设计', 2001138706.47, 26, 1996, 2130, 0.366171, 0.512815, 3.737275, 0.167086, 58775594.75, 0.0573, 215, 8, 0, 40, 30, 2, 2, 3, 0, 0, 5, 44, 9, 99, 9, NULL, 1, 1, 1, 1, 1, 1, 1, 'A', 21, 139, 1, 0, 1, 1, 1, 1, 1, 0, 1, 2021);
INSERT INTO `design_property` VALUES ('300635', '中达安', 1247784511.78, 21, 2001, 3296, 0.059738, 0.453363, 0.452303, 0.153254, 36620191.94, 0.064886, 381, 0, 3, 27, 0, 0, 4, 1, 0, 0, 0, 34, 4, 2, 3, 0, 1, 1, 1, 1, 0, 20, 0, 'AB', 12, 180, 2, 0, 0, 0, 0, 0, 0, 1, 0, 2019);
INSERT INTO `design_property` VALUES ('300635', '中达安', 1209172036.02, 21, 2001, 3495, 0.458202, 0.452245, -0.981795, 0.067336, 44830057.47, 0.082, 373, 0, 43, 26, 0, 0, 4, 1, 0, 0, 0, 61, 17, 29, 3, NULL, 1, 1, 1, 1, 0, 22, 0, 'AB', 1, 248, 2, 0, 0, 0, 0, 0, 0, 1, 0, 2020);
INSERT INTO `design_property` VALUES ('300635', '中达安', 1184991946.99, 24, 1998, 3186, 0.415497, 0.510369, -0.197946, 0.065364, 45252589.74, 0.0748, 388, 33, 0, 2, 14, 0, 1, 4, 0, 1, 6, 128, 37, 73, 4, NULL, 1, 1, 1, 1, 1, 1, 1, 'AB', 12, 195, 2, 1, 0, 0, 0, 0, 1, 1, 1, 2021);
INSERT INTO `design_property` VALUES ('300668', '杰恩设计', 578875832.68, 17, 1992, 657, 0.005293, 0.145732, 0.673082, 0.251324, 19599931.28, 0.050304, 207, 21, 0, 31, 7, 1, 5, 1, 0, 1, 0, 20, 1, 2, 3, 0, 1, 0, 0, 1, 1, 14, 0, 'AB', 13, 105, 2, 0, 1, 1, 1, 0, 0, 0, 1, 2019);
INSERT INTO `design_property` VALUES ('300668', '杰恩设计', 562444854.47, 17, 1992, 771, 0.176244, 0.553949, 0.346287, 0.065359, 16913451.16, 0.0543, 136, 7, 0, 67, 0, 0, 5, 1, 0, 1, 0, 27, 6, 43, 3, NULL, 1, 0, 0, 1, 1, 41, 0, 'AB', 34, 138, 2, 0, 1, 1, 1, 0, 0, 0, 1, 2020);
INSERT INTO `design_property` VALUES ('300668', '杰恩设计', 605775152.63, 18, 2004, 878, 0.248044, 0.629817, -1.662383, 0.044768, 14996720.9, 0.0393, 95, 9, 0, 14, 6, 0, 0, 4, 0, 1, 9, 37, 3, 21, 6, NULL, 1, 0, 1, 1, 1, 1, 0, 'AB', 5, 95, 2, 1, 1, 1, 1, 0, 1, 0, 1, 2021);
INSERT INTO `design_property` VALUES ('300675', '建科院', 1057460482.19, 14, 1991, 782, 0.127819, 0.536911, 0.442543, 0.081123, 43128912.23, 0.079893, 169, 51, 84, 208, 1, 2, 14, 2, 0, 15, 0, 34, 5, 9, 2, 1, 1, 0, 1, 1, 0, 7, 1, 'AB', 12, 74, 2, 0, 0, 0, 1, 1, 0, 1, 0, 2019);
INSERT INTO `design_property` VALUES ('300675', '建科院', 1309962633.16, 14, 1991, 852, 0.597854, 0.38662, 0.886116, 0.092896, 44468216.24, 0.0878, 224, 0, 96, 194, 0, 1, 14, 2, 0, 15, 0, 53, 9, 6, 2, NULL, 1, 0, 1, 1, 0, 9, 1, 'AB', 3, 225, 2, 0, 0, 0, 1, 1, 0, 1, 0, 2020);
INSERT INTO `design_property` VALUES ('300675', '建科院', 1337411078.54, 15, 2007, 907, 0.580324, 0.375974, 0, 0.09463, 49736844.15, 0.0989, 244, 7, 108, 123, 3, 5, 13, 5, 0, 6, 6, 88, 13, 30, 2, NULL, 1, 1, 1, 1, 1, 1, 1, 'AB', 23, 98, 2, 1, 0, 0, 1, 1, 1, 1, 1, 2021);
INSERT INTO `design_property` VALUES ('300732', '设研院', 4134516829.7, 14, 1988, 2090, -0.095965, 0.451374, 0.381864, 0.199414, 95278194.47, 0.060348, 284, 0, 0, 713, 55, 0, 8, 1, 0, 1, 6, 31, 8, 36, 5, 0, 0, 0, 0, 1, 0, 3, 0, 'A', 54, 127, 1, 1, 1, 1, 1, 1, 1, 0, 1, 2019);
INSERT INTO `design_property` VALUES ('300732', '设研院', 5103625146.24, 14, 1988, 2610, 0.512087, 0.369512, 0.929318, 0.164794, 100816040.33, 0.0535, 371, 0, 65, 967, 0, 0, 8, 1, 0, 1, 6, 36, 15, 29, 5, NULL, 0, 0, 0, 1, 0, 21, 0, 'A', 7, 129, 1, 1, 1, 1, 1, 1, 1, 0, 1, 2020);
INSERT INTO `design_property` VALUES ('300732', '设研院', 5795118438.76, 15, 2007, 2877, 0.51058, 0.354095, 0.834912, 0.157021, 111536752.63, 0.0544, 460, 4, 341, 192, 62, 1, 14, 5, 4, 0, 1, 64, 19, 80, 19, NULL, 1, 1, 0, 1, 1, 1, 1, 'A', 20, 89, 1, 1, 1, 1, 1, 1, 1, 0, 1, 2021);
INSERT INTO `design_property` VALUES ('300746', '汉嘉设计', 2424170104.79, 23, 2006, 2199, 0.22168, 0.486535, 0.48716, 0.086919, 45555883.15, 0.038575, 276, 28, 9, 246, 4, 1, 2, 1, 0, 0, 0, 50, 21, 17, 6, 0, 1, 0, 0, 1, 0, 13, 0, 'A', 79, 154, 1, 1, 1, 0, 0, 1, 1, 1, 1, 2019);
INSERT INTO `design_property` VALUES ('300746', '汉嘉设计', 2065845316.55, 23, 2006, 2251, 0.37833, 1.000978, -0.167791, 0.034452, 68185852.11, 0.03, 318, 0, 0, 268, 0, 0, 2, 1, 0, 0, 0, 40, 7, 47, 6, NULL, 1, 0, 0, 1, 0, 23, 0, 'A', 10, 182, 1, 1, 1, 0, 0, 1, 1, 1, 1, 2020);
INSERT INTO `design_property` VALUES ('300746', '汉嘉设计', 2188020166.75, 24, 1998, 2006, 0.376291, 1.280352, -0.533091, 0.038547, 88156148.79, 0.0315, 353, 12, 0, 68, 16, 1, 2, 1, 1, 0, 9, 38, 6, 34, 7, NULL, 1, 0, 1, 1, 1, 1, 1, 'A', 8, 90, 1, 1, 1, 0, 0, 1, 1, 1, 1, 2021);
INSERT INTO `design_property` VALUES ('300778', '新城市', 1205732058.99, 29, 1998, 890, 0.069778, 0.240048, 0.366818, 0.274482, 17221360.94, 0.038937, 201, 11, 0, 152, 1, 1, 1, 2, 0, 0, 5, 14, 6, 4, 3, 0, 1, 1, 1, 1, 0, 7, 0, 'ABCD', 18, 146, 4, 1, 1, 1, 0, 1, 1, 1, 1, 2019);
INSERT INTO `design_property` VALUES ('300778', '新城市', 1329575943.53, 29, 1998, 944, 0.265103, 0.312592, -0.028479, 0.242537, 13443294.21, 0.0323, 215, 0, 4, 172, 0, 0, 1, 2, 0, 0, 5, 36, 6, 54, 3, NULL, 1, 1, 1, 1, 0, 14, 0, 'ABCD', 6, 120, 4, 1, 1, 1, 0, 1, 1, 1, 1, 2020);
INSERT INTO `design_property` VALUES ('300778', '新城市', 1250268792.53, 20, 2002, 948, 0.185693, 0.320571, 0.199701, 0.202099, 13518657.94, 0.0337, 211, 6, 0, 61, 12, 0, 1, 2, 0, 5, 5, 35, 4, 33, 3, NULL, 1, 1, 1, 1, 0, 1, 1, 'ABCD', 16, 86, 4, 1, 1, 1, 0, 1, 1, 1, 1, 2021);
INSERT INTO `design_property` VALUES ('300826', '测绘股份', 2263820083.59, 18, 2004, 1233, 0.524951, 0.33732, 2.142993, 0.120939, 44457672, 0.0582, 143, 9, 0, 112, 9, 0, 1, 4, 1, 0, 3, 217, 58, 101, 3, NULL, 1, 1, 1, 1, 1, 1, 0, 'A', 7, 142, 1, 0, 0, 0, 0, 0, 1, 0, 1, 2021);
INSERT INTO `design_property` VALUES ('300844', '山水比德', 1190582890.13, 15, 2007, 1880, 0.177213, 0.495339, -0.422237, 0.087928, 47416293.62, 0.0804, 222, 18, 10, 30, 8, 0, 2, 2, 0, 0, 7, 32, 0, 35, 3, NULL, 1, 1, 1, 1, 1, 1, 1, 'A', 19, 167, 1, 0, 1, 1, 0, 0, 0, 0, 1, 2021);
INSERT INTO `design_property` VALUES ('300977', '深圳瑞捷', 1613905962.74, 12, 2010, 2371, 0.135104, 0.482192, -0.456094, 0.153092, 42221704.09, 0.0543, 169, 9, 28, 26, 1, 0, 1, 4, 0, 0, 5, 129, 47, 38, 3, NULL, 1, 1, 1, 1, 1, 1, 1, 'AB', 3, 169, 2, 0, 1, 0, 0, 0, 1, 0, 0, 2021);
INSERT INTO `design_property` VALUES ('300983', '尤安设计', 3584200622.25, 18, 2004, 1555, 0.112044, 0.266551, 0.928625, 0.317554, 47003716.71, 0.0492, 206, 12, 108, 26, 5, 0, 1, 3, 0, 0, 2, 28, 0, 12, 10, NULL, 0, 1, 1, 0, 0, 1, 0, 'A', 42, 268, 1, 1, 1, 1, 1, 0, 0, 0, 1, 2021);
INSERT INTO `design_property` VALUES ('300989', '蕾奥规划', 1212201567.27, 14, 2008, 850, 0.184345, 0.433552, 0.801495, 0.195605, 32872326.88, 0.0625, 89, 14, 0, 38, 27, 2, 1, 8, 1, 0, 6, 74, 11, 130, 6, NULL, 1, 0, 1, 1, 1, 1, 1, 'A', 30, 212, 1, 0, 1, 0, 0, 0, 1, 0, 0, 2021);
INSERT INTO `design_property` VALUES ('301024', '霍普股份', 934091575.97, 17, 2004, 591, 0.110402, 0.365308, -0.306409, 0.13739, 23101240.43, 0.0677, 523, 12, 5, 72, 0, 0, 3, 11, 2, 0, 1, 40, 7, 9, 4, NULL, 1, 1, 1, 1, 1, 1, 1, 'ABCD', 33, 125, 4, 1, 1, 1, 1, 1, 1, 1, 1, 2021);
INSERT INTO `design_property` VALUES ('301027', '华蓝集团', 1791927957.23, 13, 2008, 3139, 0.48453, 0.644464, 0.80975, 0.111696, 46328996.46, 0.0401, 432, 37, 21, 119, 4, 0, 15, 6, 3, 0, 1, 57, 14, 69, 9, NULL, 1, 1, 1, 1, 1, 1, 1, 'ABCD', 10, 81, 4, 1, 1, 1, 1, 1, 1, 1, 1, 2021);
INSERT INTO `design_property` VALUES ('301058', '中粮工科', 3788823653.38, 24, 1997, 2266, 0.495207, 0.572619, 2.814212, 0.076047, 90388157.58, 0.0417, 430, 38, 85, 120, 1, 2, 10, 8, 2, 3, 2, 25, 16, 29, 9, NULL, 1, 1, 1, 1, 1, 1, 0, 'ABCD', 16, 106, 4, 1, 1, 1, 1, 1, 1, 1, 1, 2021);
INSERT INTO `design_property` VALUES ('301091', '深城交', 2994221642.65, 24, 1997, 2235, 0.324623, 0.387138, 1.560037, 0.13831, 110640597.81, 0.0954, 269, 6, 115, 120, 2, 2, 7, 38, 3, 19, 3, 204, 17, 168, 6, NULL, 1, 1, 1, 1, 1, 1, 1, 'ABCD', 9, 71, 4, 1, 1, 1, 0, 1, 1, 1, 1, 2021);
INSERT INTO `design_property` VALUES ('301136', '招标股份', 1552497890.82, 27, 1994, 2046, 0.439105, 0.429378, 0.23537, 0.127201, 29119890.13, 0.0437, 164, 8, 20, 23, 1, 1, 2, 7, 1, 8, 6, 53, 14, 22, 6, NULL, 1, 1, 1, 1, 1, 1, 1, 'ABCD', 4, 21, 4, 1, 0, 0, 0, 0, 1, 1, 1, 2021);
INSERT INTO `design_property` VALUES ('301167', '建研设计', 1125305123.2, 12, 2009, 684, 0.252856, 0.349466, 0.5774, 0.173318, 11773596.28, 0.0299, 73, 6, 8, 46, 1, 0, 6, 8, 4, 6, 8, 36, 5, 42, 8, NULL, 1, 1, 1, 1, 1, 1, 1, 'ABCD', 31, 110, 4, 1, 1, 1, 1, 1, 1, 1, 1, 2021);
INSERT INTO `design_property` VALUES ('600629', '华建集团', 10276905124.34, 29, 1999, 8445, 0.039354, 0.679471, 0.701475, 0.045961, 278352181, 0.03772, 499, 0, 0, 0, 0, 1, 2, 11, 4, 0, 0, 19, 0, 2, 4, 1, 1, 1, 1, 1, 0, 23, 1, 'ABD', 12, 162, 3, 1, 1, 1, 1, 1, 1, 1, 1, 2019);
INSERT INTO `design_property` VALUES ('600629', '华建集团', 13425810472.16, 22, 1999, 10636, 0.731461, 0.674431, 0.124471, 0.043183, 368216301.28, 0.0407, 2696, 15, 6, 1180, 7, 1, 6, 9, 3, 13, 4, 55, 20, 42, 7, NULL, 1, 1, 1, 1, 1, 1, 1, 'ABCD', 29, 95, 4, 1, 1, 1, 1, 1, 1, 1, 1, 2021);
INSERT INTO `design_property` VALUES ('603017', '中衡设计', 3539177895.47, 27, 1999, 3452, 0.185944, 0.453365, 0.54881, 0.126128, 88139782.11, 0.045378, 429, 0, 0, 417, 20, 0, 1, 0, 0, 0, 0, 52, 4, 2, 4, 0, 0, 1, 0, 0, 0, 6, 0, 'A', 9, 64, 1, 1, 1, 1, 1, 1, 0, 1, 0, 2019);
INSERT INTO `design_property` VALUES ('603017', '中衡设计', 3716569159.96, 27, 1999, 3561, 0.455269, 0.493829, 0.630793, 0.122199, 87832211.01, 0.0479, 501, 0, 165, 450, 29, 0, 1, 0, 0, 0, 0, 53, 16, 39, 4, NULL, 0, 1, 0, 0, 0, 10, 0, 'A', 2, 117, 1, 1, 1, 1, 1, 1, 0, 1, 0, 2020);
INSERT INTO `design_property` VALUES ('603018', '华设集团', 8074368191.32, 16, 2001, 5254, 0.3129, 0.636927, 0.580654, 0.131611, 191415983.08, 0.040827, 891, 0, 0, 1767, 0, 5, 9, 6, 1, 9, 0, 33, 1, 14, 7, 1, 1, 1, 1, 1, 0, 27, 1, 'ABCD', 23, 179, 4, 1, 1, 1, 1, 1, 1, 1, 1, 2019);
INSERT INTO `design_property` VALUES ('603357', '设计总院', 93384983814.64, 28, 2003, 1750, -0.255525, 0.305241, 0.47832, 0.234288, 69245882.59, 0.042768, 289, 0, 19, 667, 17, 1, 3, 1, 0, 0, 0, 29, 5, 1, 3, 0, 1, 1, 1, 1, 0, 26, 0, 'AB', 109, 175, 2, 1, 1, 1, 1, 1, 1, 1, 1, 2019);
INSERT INTO `design_property` VALUES ('603357', '设计总院', 4067352256.52, 28, 2003, 1850, 0.356926, 0.469577, -0.165386, 0.190509, 86435072.15, 0.0453, 308, 0, 46, 725, 0, 0, 3, 1, 0, 0, 0, 102, 12, 127, 3, NULL, 1, 1, 1, 1, 0, 39, 0, 'AB', 29, 171, 2, 1, 1, 1, 1, 1, 1, 1, 1, 2020);
INSERT INTO `design_property` VALUES ('603357', '设计总院', 4397467291.39, 18, 2003, 2000, 0.34258, 0.535982, -0.238743, 0.16562, 101261621.08, 0.043, 373, 29, 68, 247, 1, 0, 6, 18, 3, 0, 0, 37, 7, 37, 7, NULL, 1, 1, 1, 1, 1, 1, 1, 'ABCD', 13, 76, 4, 1, 1, 1, 0, 1, 1, 1, 1, 2021);
INSERT INTO `design_property` VALUES ('603458', '勘设股份', 5952625075.96, 12, 2008, 3145, 0.225646, 0.557025, 0.430618, 0.198412, 84277158.59, 0.032878, 433, 0, 28, 508, 14, 0, 1, 1, 0, 2, 4, 24, 12, 25, 2, 1, 1, 0, 0, 1, 0, 19, 1, 'A', 14, 105, 1, 1, 1, 1, 0, 1, 0, 1, 1, 2019);
INSERT INTO `design_property` VALUES ('603458', '勘设股份', 6921218929.21, 12, 2008, 3018, 0.558113, 0.404241, 0.645171, 0.18466, 98709676.36, 0.0353, 621, 0, 0, 510, 0, 0, 1, 1, 0, 2, 4, 44, 9, 73, 2, NULL, 1, 0, 0, 1, 0, 22, 1, 'A', 5, 185, 1, 1, 1, 1, 0, 1, 0, 1, 1, 2020);
INSERT INTO `design_property` VALUES ('603458', '勘设股份', 7636439119.77, 13, 2008, 3009, 0.559509, 0.398017, -0.584653, 0.115531, 61379873.98, 0.0202, 519, 0, 80, 215, 1, 0, 4, 9, 3, 0, 0, 65, 6, 47, 8, NULL, 1, 1, 1, 1, 1, 1, 1, 'ABCD', 20, 32, 4, 1, 1, 1, 1, 1, 1, 1, 1, 2021);
INSERT INTO `design_property` VALUES ('603860', '中公高科', 755278845.33, 14, 2008, 213, 0.164992, 0.142632, 0.287025, 0.2994, 150259501200, 0.069313, 42, 40, 44, 71, 1, 0, 1, 6, 5, 0, 1, 34, 3, 3, 7, 1, 1, 1, 1, 1, 0, 16, 1, 'A', 15, 178, 1, 1, 1, 1, 1, 1, 1, 1, 1, 2019);
INSERT INTO `design_property` VALUES ('603860', '中公高科', 789495121.14, 14, 2008, 218, 0.149723, 0.227625, 2.93276, 0.192075, 13170480.53, 0.0733, 42, 0, 49, 85, 0, 0, 1, 6, 5, 0, 1, 67, 13, 58, 7, NULL, 1, 1, 1, 1, 0, 12, 1, 'A', 1, 149, 1, 1, 1, 1, 1, 1, 1, 1, 1, 2020);
INSERT INTO `design_property` VALUES ('603860', '中公高科', 814046707.17, 13, 2008, 202, 0.139242, 0.249734, 4.835277, 0.178024, 12725709.94, 0.0626, 44, 0, 3, 25, 1, 1, 1, 22, 3, 0, 3, 93, 17, 8, 7, NULL, 1, 1, 1, 1, 1, 1, 1, 'ABCD', 17, 84, 4, 1, 0, 0, 0, 1, 1, 1, 1, 2021);
INSERT INTO `design_property` VALUES ('603909', '合诚股份', 1430130634.85, 26, 2008, 2183, 0.117348, 0.412917, 0.533115, 0.119904, 28039415.09, 0.033466, 228, 0, 28, 0, 20, 1, 4, 0, 1, 0, 0, 22, 3, 17, 5, 1, 1, 1, 1, 1, 0, 8, 1, 'A', 7, 123, 1, 1, 1, 1, 1, 1, 1, 1, 1, 2019);
INSERT INTO `design_property` VALUES ('603909', '合诚股份', 1496113611.81, 26, 2008, 2087, 0.40292, 0.532543, -0.308864, 0.065202, 28643780.49, 0.036, 232, 51, 26, 0, 22, 0, 4, 0, 1, 0, 0, 79, 8, 9, 5, NULL, 1, 1, 1, 1, 0, 8, 1, 'A', 3, 114, 1, 1, 1, 1, 1, 1, 1, 1, 1, 2020);
INSERT INTO `design_property` VALUES ('603909', '合诚股份', 1629720774.63, 13, 2008, 1949, 0.409334, 0.516274, 2.822228, 0.053506, 31249806.95, 0.0371, 241, 48, 6, 30, 1, 0, 3, 8, 1, 0, 7, 34, 7, 24, 6, NULL, 1, 1, 1, 1, 0, 1, 0, 'ABCD', 16, 20, 4, 1, 1, 1, 1, 1, 1, 1, 1, 2021);
INSERT INTO `design_property` VALUES ('833427', '华维设计', 459054038.56, 20, 2001, 372, 0.222196, 0.394065, 1.839651, 0.314782, 8976875.57, 0.0496, 32, 9, 5, 8, 0, 0, 2, 13, 1, 0, 3, 61, 3, 17, 5, NULL, 1, 1, 1, 0, 0, 1, 1, 'ABCD', 1, 43, 4, 1, 1, 1, 1, 1, 1, 1, 1, 2021);
INSERT INTO `design_property` VALUES ('833873', '中设咨询', 376788632.81, 18, 1994, 600, 0.25437, 0.575467, 0, 0.117936, 0, 0, 0, 0, 0, 0, 0, 0, 6, 0, 2, 9, 4, 31, 8, 21, 9, NULL, 1, 1, 1, 1, 1, 5, 1, 'ABCD', 6, 104, 4, 1, 1, 1, 1, 1, 1, 1, 1, 2020);
INSERT INTO `design_property` VALUES ('833873', '中设咨询', 579318067.5, 27, 1994, 635, 0.199887, 0.393899, 1.522221, 0.120053, 9842282.29, 0.0431, 40, 11, 23, 7, 0, 0, 3, 14, 1, 0, 2, 53, 9, 20, 6, NULL, 1, 1, 1, 1, 1, 1, 1, 'ABCD', 9, 28, 4, 1, 1, 1, 1, 1, 1, 1, 1, 2021);
INSERT INTO `design_property` VALUES ('836149', '旭杰科技', 702468229.32, 19, 2002, 371, 0.656754, 0.672257, 0.155877, 0.031389, 22550874.73, 0.0478, 80, 5, 7, 11, 0, 0, 3, 15, 3, 0, 6, 37, 3, 1, 6, NULL, 1, 1, 1, 0, 0, 1, 1, 'ABCD', 7, 86, 4, 1, 1, 1, 1, 1, 1, 1, 1, 2021);
INSERT INTO `design_property` VALUES ('836892', '广咨国际', 678659828.63, 29, 1992, 852, 0.502965, 0.655103, 5.354544, 0.154819, 19580378.53, 0.044, 73, 17, 4, 39, 0, 0, 4, 5, 3, 24, 10, 70, 9, 37, 12, NULL, 1, 1, 1, 1, 1, 1, 1, 'ABCD', 16, 40, 4, 1, 0, 0, 0, 1, 1, 1, 1, 2021);

-- ----------------------------
-- Table structure for design_structure
-- ----------------------------
DROP TABLE IF EXISTS `design_structure`;
CREATE TABLE `design_structure`  (
  `id` int(0) NOT NULL AUTO_INCREMENT,
  `indi_name` varchar(45) CHARACTER SET utf8mb4 COLLATE utf8mb4_0900_ai_ci NOT NULL,
  `parent_id` int(0) NULL DEFAULT NULL,
  `level` int(0) NULL DEFAULT NULL,
  `explanation` varchar(255) CHARACTER SET utf8mb4 COLLATE utf8mb4_0900_ai_ci NULL DEFAULT NULL,
  PRIMARY KEY (`id`) USING BTREE,
  UNIQUE INDEX `id_UNIQUE`(`id`) USING BTREE
) ENGINE = InnoDB CHARACTER SET = utf8mb4 COLLATE = utf8mb4_0900_ai_ci ROW_FORMAT = Dynamic;

-- ----------------------------
-- Records of design_structure
-- ----------------------------
INSERT INTO `design_structure` VALUES (1, '基本指标', NULL, 1, NULL);
INSERT INTO `design_structure` VALUES (2, '数字化研发创新指标', NULL, 1, NULL);
INSERT INTO `design_structure` VALUES (3, '组织指标', NULL, 1, NULL);
INSERT INTO `design_structure` VALUES (4, '战略指标', NULL, 1, NULL);
INSERT INTO `design_structure` VALUES (5, '特色指标', NULL, 1, NULL);
INSERT INTO `design_structure` VALUES (6, '规模状况', 1, 2, NULL);
INSERT INTO `design_structure` VALUES (7, '财务状况', 1, 2, NULL);
INSERT INTO `design_structure` VALUES (8, '研发状况', 2, 2, NULL);
INSERT INTO `design_structure` VALUES (9, '数字化创新成果状况', 2, 2, NULL);
INSERT INTO `design_structure` VALUES (10, '数字化技术应用状况', 2, 2, '年报中的词汇能够侧面反映出企业的发展规划，很大程度能够体现企业经营理念指导下的转型方式，反映企业对于数字应用的重视程度。');
INSERT INTO `design_structure` VALUES (11, '组织结构', 3, 2, NULL);
INSERT INTO `design_structure` VALUES (12, '承包联合体模式', 3, 2, NULL);
INSERT INTO `design_structure` VALUES (13, '企业战略规划', 4, 2, NULL);
INSERT INTO `design_structure` VALUES (14, '企业战略部门', 4, 2, NULL);
INSERT INTO `design_structure` VALUES (15, '战略影响因素', 4, 2, NULL);
INSERT INTO `design_structure` VALUES (16, '设计合作', 5, 2, '设计领域的合作需要依靠数字化技术，与其他设计企业的合作越多，能够反映企业的视野越开阔，更容易接受数字化转型和创新。');
INSERT INTO `design_structure` VALUES (17, '设计项目', 5, 2, '公共建筑、复杂性建筑、装配式建筑设计过程中往往需要用到一些先进的技术手段，很难通过传统的方式实现，此类项目可以体现设计企业数字化技术的应用情况。');
INSERT INTO `design_structure` VALUES (18, '设计工具', 5, 2, '数字化的设计工具是设计企业经营效率的保证，协同一体化的设计平台和bim技术都能够大幅提高设计过程中信息传递效率，是设计企业数字化转型的重要体现。');
INSERT INTO `design_structure` VALUES (19, '股票代码', NULL, NULL, NULL);
INSERT INTO `design_structure` VALUES (20, '企业名称', NULL, NULL, NULL);
INSERT INTO `design_structure` VALUES (21, '总资产', 6, 3, '企业总资产可以侧面反映企业规模以及企业资金实力，资金实力越雄厚的企业越有能力投入更多的资金运用数字化转型。');
INSERT INTO `design_structure` VALUES (22, '企业成立年限', 6, 3, '从成立年限方面反映企业规模状况，成立年限越长的企业代表企业经营更加稳定，更有潜力参与数字化转型。');
INSERT INTO `design_structure` VALUES (23, '成立年份', NULL, NULL, NULL);
INSERT INTO `design_structure` VALUES (24, '员工总数', 6, 3, '从员工数量方面反映企业规模状况，员工数量越多反映企业资金实力越雄厚，能够反映企业在人力资源方面的配备以及是否为数字化转型做好人员储备。');
INSERT INTO `design_structure` VALUES (25, '资产负债率', 7, 3, '反映企业经营风险的大小，也反映企业利用债权人提供的资金从事经营活动的能力，可以衡量在数字化转型中企业调动资金的能力。');
INSERT INTO `design_structure` VALUES (26, '总资产周转率', 7, 3, '企业一定时期的销售收入净额与平均资产总额之比,它是衡量资产投资规模与销售水平之间配比情况的指标，可以衡量企业数字化资产投资规模。');
INSERT INTO `design_structure` VALUES (27, '净利润增长率', 7, 3, '反映企业持续盈利能力，企业持续盈利是实现数字化转型和投入的基础条件，成长较快的企业越有趋势运用数字化技术加速发展。');
INSERT INTO `design_structure` VALUES (28, '营业净利润率', 7, 3, '反映企业经营效率，经营效率越高，企业数字化转型的支撑力就更强。');
INSERT INTO `design_structure` VALUES (29, '研发投入费用', 8, 3, '直接反映了公司在研发上财务资源投入，研发投入可以直接助推企业运用数字化技术，促进数字化转型进程。');
INSERT INTO `design_structure` VALUES (30, '研发投入占营业收入比例', 8, 3, '指标用于刻画企业技术创新潜能，反映企业在研发上的投入强度，从而在数字化技术层面推动数字化转型。');
INSERT INTO `design_structure` VALUES (31, '研发人员', 8, 3, '背后反映了公司隐性知识的数量,研发人员占比越高代表企业对于研发重视程度越高，从而有利于企业在技术层面进行数字化转型。');
INSERT INTO `design_structure` VALUES (32, '研发项目个数', 8, 3, '反映企业研发所涉及的广度，项目数量越多代表企业投入越多，对于转型越重视。');
INSERT INTO `design_structure` VALUES (33, '专利数', 8, 3, '专利可以被理解为企业所拥有的显性知识，专利数量越多，企业科技创新能力越强，从而推动企业转型。');
INSERT INTO `design_structure` VALUES (34, '硕士及以上人员数量', 8, 3, '反映建筑公司人员学历结构，硕士学历及以上的人员数量越多，代表企业员工知识层次越高，越有可能推动企业创新，促进数字化转型。');
INSERT INTO `design_structure` VALUES (35, '国家级获奖', 8, 3, '反映企业高水平创新产出数量，数量越多代表企业在科技创新领域实力越强，具有领袖作用，越有可能推动数字化转型。');
INSERT INTO `design_structure` VALUES (36, '研发中心数量', 8, 3, '反映企业开设的研发机构数量，形成集聚性的研发创新力，从而推动数字化转型。');
INSERT INTO `design_structure` VALUES (37, '数字化创新平台数', 9, 3, '反映企业依托科研单位进行产学研的程度，程度越高代表企业与高校联系越来密切，越可能依托高校科研实力完成数字化转型。');
INSERT INTO `design_structure` VALUES (38, '互联网云平台运用数量', 9, 3, '反映企业数字化互联网平台运用状况，互联网平台也是企业运用数字化技术的表现之一，因此通过运用互联网平台反映企业数字化程度。');
INSERT INTO `design_structure` VALUES (39, '数字化业务板块数', 9, 3, '反映企业其所含业务板块中数字化应用程度，业务板块数量越多，说明企业涵盖数字化业务范围越广。');
INSERT INTO `design_structure` VALUES (40, '联合高等院校课题研发数', 9, 3, '反映企业与科研单位合作研发的状况，程度越高代表企业与研发单位联系越来密切，越可能率先完成数字化转型。');
INSERT INTO `design_structure` VALUES (41, '成果转化数', 9, 3, '反映企业将数字化技术转化成成果的程度，程度越高说明数字化技术应用越广泛。');
INSERT INTO `design_structure` VALUES (42, '一级技术词频数', 10, 3, NULL);
INSERT INTO `design_structure` VALUES (43, '二级技术词频数', 10, 3, NULL);
INSERT INTO `design_structure` VALUES (44, '三级技术词频数', 10, 3, NULL);
INSERT INTO `design_structure` VALUES (45, '业务板块数量（多元化情况）', 11, 3, '通过企业业务板块数量来反映企业发展的多元化情况，企业业务多元化程度越高，企业探索新领域、推进数字化转型的意愿越强。');
INSERT INTO `design_structure` VALUES (46, '组织结构中是否有专门的数字化部门', 11, 3, NULL);
INSERT INTO `design_structure` VALUES (47, '组织内部是否具有专门的项目管理系统', 11, 3, '组织内部的项目管理系统是集成了项目信息、业务数据的数字化系统或平台，能够从组织结构层面体现企业的数字化程度。');
INSERT INTO `design_structure` VALUES (48, '是否与数字化类型的企业有合作、收购、投资关系（从年报中获取）', 12, 3, '反映企业对数字化相关业务、企业的重视，是开启数字化转型的有益尝试。');
INSERT INTO `design_structure` VALUES (49, '是否为国家认定高新技术企业', 12, 3, '反映企业的研发创新能力被国家认可，并受到国家和政府的政策支持，为进一步研发创新，实现数字化转型提供强大推力。');
INSERT INTO `design_structure` VALUES (50, '企业年报中是否有提及数字化战略的相关内容？', 13, 3, '反映了企业未来经营计划中对数字化的思考，为未来实现数字化提供战略指引。');
INSERT INTO `design_structure` VALUES (51, '企业年报中是否有专项数字化转型报告', 13, 3, '年报中有单独的小节、段落来介绍企业的数字化情况能够反映企业数字化成果丰富，且重视企业数字化的发展。');
INSERT INTO `design_structure` VALUES (52, '企业远景、目标、定位中是否具有数字化、大数据、智能化、信息化等词语', 13, 3, '反映企业对数字化相关战略的重视程度，数字化战略在企业远景规划中扮演的角色与地位。');
INSERT INTO `design_structure` VALUES (53, '企业战略职能中是否具有专门数字化业务部门', 14, 3, '专门的数字化业务部门能够统筹安排企业的数字化相关工作，为企业的数字化转型提供业务支持。');
INSERT INTO `design_structure` VALUES (54, '企业业务中是否运用信息化技术系统', 14, 3, '应用信息化技术系统越多，反映企业的信息化程度越高，为数字化转型提供良好的技术基础。');
INSERT INTO `design_structure` VALUES (55, '企业业务中是否运用信息化技术系统个数', 14, 3, '应用信息化技术系统越多，反映企业的信息化程度越高，为数字化转型提供良好的技术基础。');
INSERT INTO `design_structure` VALUES (56, '企业年报中是否有提及“政策”或相关对于数字化转型政策支持的词语', 15, 3, '政府的相关政策为企业进行数字化转型提供保障和推动力。');
INSERT INTO `design_structure` VALUES (57, '企业年报中是否有提及“行业”、“市场”、“需求”或相关对于数字化转型外部驱动的词语', 15, 3, '行业、市场等外部需求能够推动企业加速进行数字化转型。');
INSERT INTO `design_structure` VALUES (58, '是否收购设计公司或与设计公司合作？', 16, 3, NULL);
INSERT INTO `design_structure` VALUES (59, '是否有公共建筑设计项目？', 17, 3, NULL);
INSERT INTO `design_structure` VALUES (60, '是否有超高层建筑设计项目或复杂性建筑设计项目？', 17, 3, NULL);
INSERT INTO `design_structure` VALUES (61, '是否有装配式建筑设计项目？', 17, 3, NULL);
INSERT INTO `design_structure` VALUES (62, '是否有EPC(工程总承包)项目？', 17, 3, NULL);
INSERT INTO `design_structure` VALUES (63, '是否有协同设计平台？', 18, 3, NULL);
INSERT INTO `design_structure` VALUES (64, '是否为全过程咨询', 18, 3, NULL);
INSERT INTO `design_structure` VALUES (65, '在设计过程中是否使用BIM技术', 18, 3, NULL);

SET FOREIGN_KEY_CHECKS = 1;
